make: Entering directory '/tmp/tcl-acpi2-linux'
  SYNC    include/config/auto.conf
  UPD     include/config/kernel.release
  UPD     include/generated/utsrelease.h
  CC      scripts/mod/empty.o
  CC      scripts/mod/devicetable-offsets.s
  MKELF   scripts/mod/elfconfig.h
  HOSTCC  scripts/mod/modpost.o
  HOSTCC  scripts/mod/sumversion.o
  HOSTCC  scripts/mod/symsearch.o
  HOSTCC  scripts/mod/file2alias.o
  HOSTLD  scripts/mod/modpost
  CC      kernel/bounds.s
  CC      arch/arm64/kernel/asm-offsets.s
  CC      kernel/sched/rq-offsets.s
  CALL    scripts/checksyscalls.sh
  LDS     arch/arm64/kernel/vdso/vdso.lds
  CC      arch/arm64/kernel/vdso/vgettimeofday.o
  AS      arch/arm64/kernel/vdso/note.o
  AS      arch/arm64/kernel/vdso/sigreturn.o
  CC      arch/arm64/kernel/vdso/vgetrandom.o
  AS      arch/arm64/kernel/vdso/vgetrandom-chacha.o
  LD      arch/arm64/kernel/vdso/vdso.so.dbg
  VDSOSYM include/generated/vdso-offsets.h
  OBJCOPY arch/arm64/kernel/vdso/vdso.so
  CC      init/version.o
  CC      arch/arm64/kernel/signal.o
  CC      kernel/sys.o
  CC [M]  crypto/seqiv.o
  CC [M]  drivers/bus/mhi/host/init.o
  AR      init/built-in.a
  CC [M]  crypto/sha1.o
  CC [M]  fs/fat/namei_msdos.o
  CC [M]  lib/crypto/chacha20poly1305.o
  CC [M]  crypto/sm3_generic.o
  CC [M]  drivers/phy/cadence/phy-cadence-torrent.o
  CC [M]  drivers/pinctrl/qcom/pinctrl-sc7280-lpass-lpi.o
  CC [M]  crypto/ctr.o
  LD [M]  lib/crypto/libchacha20poly1305.o
  CC      arch/arm64/kernel/vdso.o
  LD [M]  fs/fat/msdos.o
  CC [M]  drivers/bus/mhi/host/main.o
  CC [M]  drivers/pinctrl/qcom/pinctrl-lpass-lpi.o
  CC [M]  crypto/gcm.o
  CC [M]  crypto/ccm.o
  CC      arch/arm64/kernel/alternative.o
  CC      kernel/module/main.o
  CC [M]  fs/binfmt_misc.o
  CC [M]  sound/core/hwdep.o
  CC [M]  drivers/bus/mhi/host/pm.o
  CC [M]  drivers/phy/cadence/phy-cadence-sierra.o
  CC [M]  crypto/michael_mic.o
  CC      arch/arm64/kernel/signal32.o
  CC [M]  net/core/selftests.o
  CC [M]  sound/core/hrtimer.o
  CC [M]  fs/netfs/buffered_read.o
  CC [M]  crypto/crc32.o
  CC [M]  drivers/phy/qualcomm/phy-qcom-edp.o
  CC [M]  sound/core/seq_device.o
  CC [M]  drivers/bus/mhi/host/boot.o
  AS      arch/arm64/kernel/vdso-wrap.o
  CC [M]  crypto/ghash-generic.o
  AR      arch/arm64/kernel/built-in.a
  AR      kernel/module/built-in.a
  CC [M]  arch/arm64/crypto/sha3-ce-glue.o
  UPD     kernel/config_data
  CC [M]  net/802/psnap.o
  CC [M]  fs/netfs/buffered_write.o
  CC [M]  sound/core/rawmidi.o
  GZIP    kernel/config_data.gz
  CC      kernel/configs.o
  CC [M]  crypto/algif_rng.o
  CC [M]  drivers/phy/qualcomm/phy-qcom-pcie2.o
  LD [M]  drivers/bus/mhi/host/mhi.o
  CC [M]  arch/arm64/crypto/sm3-ce-glue.o
  CC [M]  drivers/phy/qualcomm/phy-qcom-usb-hs.o
  AR      kernel/built-in.a
  CC [M]  net/802/stp.o
  CC [M]  drivers/gpio/gpio-altera.o
  CC [M]  fs/netfs/direct_read.o
  LD [M]  arch/arm64/crypto/sha3-ce.o
  LD [M]  arch/arm64/crypto/sm3-ce.o
  AR      arch/arm64/built-in.a
  CC [M]  net/802/garp.o
  CC [M]  net/802/mrp.o
  CC [M]  drivers/phy/qualcomm/phy-qcom-usb-hs-28nm.o
  CC [M]  crypto/ecdh.o
  CC [M]  drivers/gpio/gpio-bd9571mwv.o
  CC [M]  sound/core/seq/seq.o
  CC [M]  drivers/gpio/gpio-wcd934x.o
  CC [M]  fs/netfs/direct_write.o
  LD [M]  crypto/crc32-cryptoapi.o
  LD [M]  crypto/ecdh_generic.o
  CC [M]  fs/netfs/iterator.o
  CC [M]  drivers/phy/qualcomm/phy-qcom-usb-ss.o
  CC [M]  sound/core/seq/seq_lock.o
  CC [M]  net/netlink/diag.o
  CC [M]  net/sched/act_gact.o
  CC [M]  net/sched/act_mirred.o
  CC [M]  net/sched/act_gate.o
  CC [M]  sound/core/seq/seq_clientmgr.o
  CC [M]  drivers/leds/trigger/ledtrig-oneshot.o
  CC [M]  fs/netfs/locking.o
  CC [M]  drivers/leds/trigger/ledtrig-backlight.o
  LD [M]  net/netlink/netlink_diag.o
  CC [M]  net/sched/sch_ingress.o
  CC [M]  net/sched/sch_mqprio.o
  CC [M]  drivers/leds/trigger/ledtrig-gpio.o
  CC [M]  drivers/leds/trigger/ledtrig-activity.o
  CC [M]  drivers/leds/trigger/ledtrig-transient.o
  CC [M]  fs/netfs/main.o
  CC [M]  net/netfilter/nfnetlink.o
  CC [M]  sound/core/seq/seq_memory.o
  CC [M]  net/netfilter/nfnetlink_acct.o
  CC [M]  drivers/leds/trigger/ledtrig-camera.o
  CC [M]  drivers/leds/led-class-multicolor.o
  CC [M]  sound/core/seq/seq_queue.o
  CC [M]  net/sched/sch_mqprio_lib.o
  CC [M]  drivers/leds/trigger/ledtrig-netdev.o
  CC [M]  fs/exfat/inode.o
  CC [M]  drivers/leds/leds-cros_ec.o
  CC [M]  fs/netfs/misc.o
  CC [M]  fs/netfs/objects.o
  CC [M]  net/netfilter/nfnetlink_queue.o
  CC [M]  sound/core/seq/seq_fifo.o
  CC [M]  sound/core/seq/seq_prioq.o
  CC [M]  net/sched/sch_cbs.o
  CC [M]  fs/exfat/namei.o
  CC [M]  drivers/leds/leds-lm3692x.o
  CC [M]  drivers/leds/trigger/ledtrig-pattern.o
  CC [M]  drivers/leds/leds-pca9532.o
  CC [M]  fs/netfs/read_collect.o
  CC [M]  sound/core/seq/seq_timer.o
  CC [M]  drivers/leds/trigger/ledtrig-tty.o
  CC [M]  net/sched/sch_etf.o
  CC [M]  fs/netfs/read_pgpriv2.o
  CC [M]  fs/exfat/dir.o
  CC [M]  fs/exfat/super.o
  CC [M]  sound/core/seq/seq_system.o
  CC [M]  net/netfilter/nfnetlink_log.o
  CC [M]  drivers/leds/rgb/leds-qcom-lpg.o
  CC [M]  fs/netfs/read_retry.o
  CC [M]  sound/core/seq/seq_ports.o
  CC [M]  fs/netfs/read_single.o
  CC [M]  net/sched/sch_taprio.o
  CC [M]  net/sched/cls_basic.o
  CC [M]  fs/exfat/fatent.o
  CC [M]  fs/isofs/namei.o
  CC [M]  drivers/video/backlight/lp855x_bl.o
  CC [M]  sound/core/seq/seq_info.o
  CC [M]  fs/netfs/rolling_buffer.o
  CC [M]  net/netfilter/nfnetlink_osf.o
  CC [M]  fs/isofs/inode.o
  CC [M]  sound/core/seq/seq_dummy.o
  CC [M]  fs/isofs/dir.o
  CC [M]  fs/exfat/cache.o
  CC [M]  fs/netfs/write_collect.o
  CC [M]  drivers/video/fbdev/udlfb.o
  CC [M]  sound/core/seq/seq_midi.o
  CC [M]  net/sched/cls_cgroup.o
  CC [M]  net/sched/cls_flower.o
  CC [M]  net/netfilter/nf_conntrack_core.o
  CC [M]  fs/exfat/nls.o
  CC [M]  fs/isofs/util.o
  CC [M]  sound/core/seq/seq_midi_event.o
  CC [M]  fs/netfs/write_issue.o
  CC [M]  fs/isofs/rock.o
  CC [M]  fs/exfat/misc.o
  CC [M]  drivers/char/ipmi/ipmi_msghandler.o
  CC [M]  sound/core/seq/seq_virmidi.o
  CC [M]  fs/netfs/write_retry.o
  CC [M]  fs/isofs/export.o
  CC [M]  fs/exfat/file.o
  LD [M]  sound/core/seq/snd-seq.o
  LD [M]  sound/core/seq/snd-seq-dummy.o
  LD [M]  sound/core/seq/snd-seq-midi.o
  LD [M]  sound/core/seq/snd-seq-midi-event.o
  LD [M]  sound/core/seq/snd-seq-virmidi.o
  LD [M]  sound/core/snd-hwdep.o
  LD [M]  sound/core/snd-hrtimer.o
  CC [M]  drivers/char/ipmi/ipmi_devintf.o
  LD [M]  sound/core/snd-seq-device.o
  LD [M]  sound/core/snd-rawmidi.o
  CC [M]  sound/drivers/aloop.o
  CC [M]  net/netfilter/nf_conntrack_standalone.o
  LD [M]  fs/isofs/isofs.o
  CC [M]  net/netfilter/nf_conntrack_expect.o
  LD [M]  fs/netfs/netfs.o
  CC [M]  net/netfilter/nf_conntrack_helper.o
  CC [M]  fs/exfat/balloc.o
  CC [M]  fs/hfs/bitmap.o
  CC [M]  fs/hfsplus/super.o
  CC [M]  drivers/char/ipmi/ipmi_si_intf.o
  CC [M]  sound/drivers/virmidi.o
  CC [M]  drivers/char/ipmi/ipmi_kcs_sm.o
  CC [M]  fs/hfs/bfind.o
  LD [M]  fs/exfat/exfat.o
  CC [M]  fs/hfs/bnode.o
  LD [M]  sound/drivers/snd-aloop.o
  LD [M]  sound/drivers/snd-virmidi.o
  CC [M]  net/netfilter/nf_conntrack_proto.o
  CC [M]  fs/smb/client/trace.o
  CC [M]  fs/hfsplus/options.o
  CC [M]  sound/usb/card.o
  CC [M]  sound/usb/clock.o
  CC [M]  drivers/char/ipmi/ipmi_smic_sm.o
  CC [M]  fs/smb/client/cifsfs.o
  CC [M]  fs/hfsplus/inode.o
  CC [M]  fs/hfs/brec.o
  CC [M]  drivers/char/ipmi/ipmi_bt_sm.o
  CC [M]  drivers/char/ipmi/ipmi_si_hotmod.o
  CC [M]  net/netfilter/nf_conntrack_proto_generic.o
  CC [M]  sound/usb/endpoint.o
  CC [M]  fs/hfs/btree.o
  CC [M]  sound/usb/fcp.o
  CC [M]  fs/hfsplus/ioctl.o
  CC [M]  sound/usb/format.o
  CC [M]  drivers/char/ipmi/ipmi_si_hardcode.o
  CC [M]  net/netfilter/nf_conntrack_proto_tcp.o
  CC [M]  fs/hfs/catalog.o
  CC [M]  fs/hfs/dir.o
  CC [M]  fs/hfsplus/extents.o
  CC [M]  fs/smb/client/cifs_debug.o
  CC [M]  fs/smb/client/connect.o
  CC [M]  drivers/char/ipmi/ipmi_si_platform.o
  CC [M]  sound/usb/helper.o
  CC [M]  fs/hfs/extent.o
  CC [M]  fs/hfsplus/catalog.o
  CC [M]  fs/hfs/inode.o
  CC [M]  drivers/char/ipmi/ipmi_si_mem_io.o
  CC [M]  sound/usb/implicit.o
  CC [M]  net/netfilter/nf_conntrack_proto_udp.o
  CC [M]  drivers/char/ipmi/ipmi_si_port_io.o
  CC [M]  sound/usb/mixer.o
  CC [M]  fs/hfsplus/dir.o
  CC [M]  fs/ntfs3/attrib.o
  CC [M]  fs/hfs/attr.o
  CC [M]  net/ipv4/netfilter/nf_defrag_ipv4.o
  LD [M]  drivers/char/ipmi/ipmi_si.o
  CC [M]  net/netfilter/nf_conntrack_proto_icmp.o
  CC [M]  fs/hfs/mdb.o
  CC [M]  drivers/clk/qcom/lpass-gfm-sm8250.o
  CC [M]  fs/hfsplus/btree.o
  CC [M]  net/ipv4/netfilter/nf_socket_ipv4.o
  CC [M]  fs/smb/client/dir.o
  CC [M]  fs/ntfs3/attrlist.o
  CC [M]  drivers/clk/clk-bd718x7.o
  CC [M]  sound/usb/mixer_quirks.o
  CC [M]  fs/hfs/part_tbl.o
  CC [M]  net/netfilter/nf_conntrack_extend.o
  CC [M]  fs/hfsplus/bnode.o
  CC [M]  fs/ntfs3/bitfunc.o
  CC [M]  fs/hfs/string.o
  CC [M]  drivers/dma/qcom/gpi.o
  CC [M]  net/ipv4/netfilter/nf_tproxy_ipv4.o
  CC [M]  net/netfilter/nf_conntrack_acct.o
  CC [M]  fs/smb/client/file.o
  CC [M]  fs/ntfs3/bitmap.o
  CC [M]  fs/hfs/super.o
  CC [M]  fs/hfsplus/brec.o
  CC [M]  sound/usb/mixer_scarlett.o
  CC [M]  net/netfilter/nf_conntrack_seqadj.o
  CC [M]  net/ipv4/netfilter/nf_reject_ipv4.o
  CC [M]  fs/hfsplus/bfind.o
  CC [M]  fs/hfs/sysdep.o
  CC [M]  fs/ntfs3/dir.o
  CC [M]  drivers/soc/qcom/spm.o
  CC [M]  sound/usb/mixer_scarlett2.o
  CC [M]  fs/hfs/trans.o
  CC [M]  net/netfilter/nf_conntrack_proto_icmpv6.o
  CC [M]  fs/ntfs3/fsntfs.o
  CC [M]  fs/hfsplus/tables.o
  CC [M]  drivers/soc/qcom/qcom_stats.o
  CC [M]  net/ipv4/netfilter/nf_nat_h323.o
  LD [M]  fs/hfs/hfs.o
  CC [M]  drivers/soc/qcom/wcnss_ctrl.o
  CC [M]  fs/smb/client/inode.o
  CC [M]  fs/hfsplus/unicode.o
  CC [M]  fs/smb/client/link.o
  CC [M]  net/netfilter/nf_conntrack_timeout.o
  CC [M]  drivers/soc/qcom/apr.o
  CC [M]  fs/ntfs3/frecord.o
  CC [M]  sound/usb/mixer_us16x08.o
  CC [M]  drivers/soc/qcom/icc-bwmon.o
  CC [M]  fs/hfsplus/wrapper.o
  CC [M]  net/ipv4/netfilter/nf_nat_pptp.o
  CC [M]  net/netfilter/nf_conntrack_timestamp.o
  CC [M]  net/netfilter/nf_conntrack_ecache.o
  CC [M]  fs/hfsplus/bitmap.o
  CC [M]  sound/usb/mixer_s1810c.o
  CC [M]  drivers/soc/qcom/ubwc_config.o
  CC [M]  fs/smb/client/misc.o
  CC [M]  net/ipv4/netfilter/nf_nat_snmp_basic_main.o
  CC [M]  fs/ntfs3/file.o
  CC [M]  fs/smb/client/netmisc.o
  CC [M]  fs/hfsplus/part_tbl.o
  CC [M]  sound/usb/pcm.o
  CC [M]  net/netfilter/nf_conntrack_labels.o
  CC [M]  drivers/virtio/virtio_input.o
  CC [M]  net/ipv4/netfilter/nft_reject_ipv4.o
  CC [M]  fs/hfsplus/attributes.o
  CC [M]  fs/ntfs3/fslog.o
  CC [M]  fs/hfsplus/xattr.o
  CC [M]  drivers/virtio/virtio_dma_buf.o
  CC [M]  net/netfilter/nf_conntrack_proto_sctp.o
  CC [M]  fs/smb/client/smbencrypt.o
  CC [M]  sound/usb/power.o
  CC [M]  fs/smb/client/transport.o
  CC [M]  net/ipv4/netfilter/nft_fib_ipv4.o
  CC [M]  sound/usb/proc.o
  CC [M]  fs/hfsplus/xattr_user.o
  CC [M]  drivers/regulator/tps65132-regulator.o
  CC [M]  net/netfilter/nf_conntrack_proto_gre.o
  CC [M]  drivers/regulator/vctrl-regulator.o
  CC [M]  sound/usb/quirks.o
  CC [M]  net/ipv4/netfilter/ipt_ah.o
  CC [M]  fs/hfsplus/xattr_security.o
  CC [M]  net/ipv4/netfilter/ipt_rpfilter.o
  CC [M]  fs/ntfs3/inode.o
  CC [M]  fs/smb/client/cached_dir.o
  CC [M]  fs/hfsplus/xattr_trusted.o
  CC [M]  fs/ntfs3/index.o
  CC [M]  net/netfilter/nf_conntrack_netlink.o
  CC [M]  sound/usb/stream.o
  CC [M]  net/ipv4/netfilter/ipt_ECN.o
  CC      drivers/iommu/arm/arm-smmu/arm-smmu-qcom.o
  LD [M]  fs/hfsplus/hfsplus.o
  CC [M]  fs/autofs/init.o
  CC [M]  fs/smb/client/cifs_unicode.o
  CC [M]  sound/usb/validate.o
  CC [M]  net/ipv4/netfilter/ipt_REJECT.o
  CC [M]  drivers/gpu/drm/clients/drm_client_setup.o
  AR      drivers/iommu/arm/arm-smmu/built-in.a
  AR      drivers/iommu/arm/built-in.a
  AR      drivers/iommu/built-in.a
  CC [M]  fs/ntfs3/lznt.o
  CC [M]  fs/ntfs3/namei.o
  CC [M]  fs/autofs/inode.o
  CC [M]  drivers/gpu/drm/clients/drm_fbdev_client.o
  CC [M]  sound/usb/media.o
  CC [M]  fs/smb/client/cifsencrypt.o
  CC [M]  net/netfilter/nfnetlink_cttimeout.o
  CC [M]  net/ipv4/netfilter/ipt_SYNPROXY.o
  CC [M]  fs/smb/client/readdir.o
  CC [M]  fs/ntfs3/record.o
  CC [M]  fs/autofs/root.o
  CC [M]  sound/usb/midi.o
  LD [M]  drivers/gpu/drm/clients/drm_client_lib.o
  CC [M]  drivers/gpu/drm/panel/panel-boe-tv101wum-nl6.o
  CC [M]  fs/ntfs3/run.o
  CC [M]  net/netfilter/nfnetlink_cthelper.o
  CC [M]  net/ipv4/netfilter/arpt_mangle.o
  CC [M]  fs/autofs/symlink.o
  CC [M]  fs/ntfs3/super.o
  CC [M]  fs/smb/client/ioctl.o
  LD [M]  sound/usb/snd-usb-audio.o
  LD [M]  sound/usb/snd-usbmidi-lib.o
  CC [M]  drivers/gpu/drm/panel/panel-lvds.o
  CC [M]  sound/soc/generic/audio-graph-card.o
  CC [M]  fs/autofs/waitq.o
  CC [M]  sound/soc/codecs/adau7002.o
  CC [M]  net/ipv4/netfilter/nf_dup_ipv4.o
  CC [M]  net/netfilter/nf_conntrack_amanda.o
  CC [M]  sound/soc/codecs/ak4613.o
  CC [M]  drivers/gpu/drm/panel/panel-innolux-p079zca.o
  CC [M]  fs/autofs/expire.o
  CC [M]  fs/ntfs3/upcase.o
  CC [M]  sound/soc/generic/audio-graph-card2.o
  CC [M]  fs/smb/client/sess.o
  LD [M]  net/ipv4/netfilter/nf_nat_snmp_basic.o
  CC [M]  net/ipv4/ip_tunnel.o
  CC [M]  fs/ntfs3/xattr.o
  CC [M]  drivers/gpu/drm/panel/panel-kingdisplay-kd097d04.o
  CC [M]  net/netfilter/nf_conntrack_ftp.o
  CC [M]  sound/soc/codecs/cros_ec_codec.o
  CC [M]  fs/autofs/dev-ioctl.o
  LD [M]  sound/soc/generic/snd-soc-audio-graph-card.o
  LD [M]  sound/soc/generic/snd-soc-audio-graph-card2.o
  CC [M]  net/netfilter/nf_conntrack_h323_main.o
  CC [M]  drivers/gpu/drm/panel/panel-mantix-mlaf057we51.o
  LD [M]  fs/ntfs3/ntfs3.o
  CC [M]  net/xfrm/xfrm_algo.o
  LD [M]  fs/autofs/autofs4.o
  CC [M]  net/xfrm/xfrm_user.o
  CC [M]  sound/soc/codecs/es7134.o
  CC [M]  fs/smb/client/export.o
  CC [M]  fs/smb/client/unc.o
  CC [M]  net/ipv4/udp_tunnel_core.o
  CC [M]  drivers/gpu/drm/panel/panel-raydium-rm67191.o
  CC [M]  sound/soc/codecs/es7241.o
  CC [M]  net/ipv4/udp_tunnel_nic.o
  CC [M]  net/netfilter/nf_conntrack_irc.o
  CC [M]  net/ipv4/esp4.o
  CC [M]  fs/smb/client/smb2ops.o
  CC [M]  drivers/gpu/drm/panel/panel-sitronix-st7703.o
  CC [M]  sound/soc/codecs/gtm601.o
  CC [M]  fs/smb/client/smb2maperror.o
  CC [M]  net/netfilter/nf_conntrack_broadcast.o
  CC [M]  net/netfilter/nf_conntrack_netbios_ns.o
  CC [M]  drivers/gpu/drm/panel/panel-truly-nt35597.o
  CC [M]  sound/soc/codecs/max98357a.o
  CC [M]  net/netfilter/nf_conntrack_snmp.o
  CC [M]  net/ipv4/tunnel4.o
  CC [M]  fs/smb/client/smb2transport.o
  CC [M]  sound/soc/codecs/max98927.o
  CC [M]  fs/smb/client/smb2misc.o
  CC [M]  fs/smb/client/smb2pdu.o
  CC [M]  drivers/gpu/drm/bridge/cadence/cdns-mhdp8546-core.o
  CC [M]  net/netfilter/nf_conntrack_pptp.o
  LD [M]  net/ipv4/udp_tunnel.o
  CC [M]  drivers/gpu/drm/bridge/cadence/cdns-mhdp8546-hdcp.o
  CC [M]  sound/soc/codecs/msm8916-wcd-analog.o
  CC [M]  net/netfilter/nf_conntrack_sane.o
  CC [M]  net/packet/diag.o
  CC [M]  drivers/gpu/drm/gud/gud_drv.o
  CC [M]  net/ipv6/netfilter/nf_defrag_ipv6_hooks.o
  CC [M]  net/ipv6/netfilter/nf_conntrack_reasm.o
  LD [M]  drivers/gpu/drm/bridge/cadence/cdns-mhdp8546.o
  CC [M]  drivers/gpu/drm/bridge/tda998x_drv.o
  CC [M]  sound/soc/codecs/msm8916-wcd-digital.o
  CC [M]  net/netfilter/nf_conntrack_sip.o
  LD [M]  net/packet/af_packet_diag.o
  CC [M]  net/netfilter/nf_conntrack_tftp.o
  CC [M]  sound/soc/codecs/nau8822.o
  CC [M]  drivers/gpu/drm/gud/gud_pipe.o
  CC [M]  net/ipv6/netfilter/nf_socket_ipv6.o
  CC [M]  net/ipv6/netfilter/nf_tproxy_ipv6.o
  CC [M]  drivers/gpu/drm/bridge/lontium-lt8912b.o
  CC [M]  sound/soc/codecs/hdmi-codec.o
  CC [M]  net/netfilter/nf_log_syslog.o
  CC [M]  fs/smb/client/smb2inode.o
  CC [M]  drivers/gpu/drm/gud/gud_connector.o
  CC [M]  fs/smb/client/smb2file.o
  CC [M]  drivers/gpu/drm/bridge/lontium-lt9611.o
  CC [M]  fs/smb/client/cifsacl.o
  CC [M]  net/ipv6/netfilter/nf_reject_ipv6.o
  CC [M]  sound/soc/codecs/pcm3168a.o
  LD [M]  drivers/gpu/drm/gud/gud.o
  CC [M]  drivers/gpu/drm/bridge/lontium-lt9611uxc.o
  CC [M]  net/netfilter/nf_nat_core.o
  CC [M]  drivers/gpu/drm/bridge/sii902x.o
  CC [M]  sound/virtio/virtio_card.o
  CC [M]  sound/soc/codecs/pcm3168a-i2c.o
  CC [M]  drivers/gpu/drm/bridge/simple-bridge.o
  CC [M]  net/ipv6/netfilter/nf_dup_ipv6.o
  CC [M]  fs/smb/client/fs_context.o
  CC [M]  net/ipv6/netfilter/nft_reject_ipv6.o
  CC [M]  sound/virtio/virtio_chmap.o
  CC [M]  net/ipv6/netfilter/nft_fib_ipv6.o
  CC [M]  sound/soc/codecs/rt5659.o
  CC [M]  drivers/gpu/drm/bridge/thc63lvd1024.o
  CC [M]  fs/smb/client/dns_resolve.o
  CC [M]  net/netfilter/nf_nat_proto.o
  CC [M]  sound/virtio/virtio_ctl_msg.o
  CC [M]  net/netfilter/nf_nat_helper.o
  CC [M]  drivers/gpu/drm/bridge/nwl-dsi.o
  CC [M]  sound/virtio/virtio_jack.o
  CC [M]  net/ipv6/netfilter/ip6t_ah.o
  CC [M]  net/ipv6/netfilter/ip6t_eui64.o
  CC [M]  sound/soc/codecs/rt5682.o
  CC [M]  fs/smb/client/asn1.o
  CC [M]  fs/smb/client/namespace.o
  CC [M]  net/netfilter/nf_nat_redirect.o
  CC [M]  sound/virtio/virtio_kctl.o
  CC [M]  drivers/gpu/drm/bridge/adv7511/adv7511_drv.o
  CC [M]  drivers/gpu/drm/bridge/adv7511/adv7533.o
  CC [M]  net/ipv6/netfilter/ip6t_frag.o
  CC [M]  sound/soc/codecs/rt5682-i2c.o
  CC [M]  sound/virtio/virtio_pcm.o
  CC      drivers/base/firmware_loader/main.o
  CC [M]  fs/smb/client/reparse.o
  CC [M]  net/netfilter/nf_nat_masquerade.o
  CC [M]  net/netfilter/nf_nat_amanda.o
  CC [M]  drivers/gpu/drm/bridge/adv7511/adv7511_audio.o
  CC [M]  net/ipv6/netfilter/ip6t_ipv6header.o
  CC [M]  sound/virtio/virtio_pcm_msg.o
  CC [M]  sound/soc/codecs/rt5682s.o
  AR      drivers/base/firmware_loader/built-in.a
  CC [M]  drivers/base/regmap/regmap-slimbus.o
  CC [M]  drivers/base/regmap/regmap-sdw.o
  CC [M]  net/netfilter/nf_nat_ftp.o
  CC [M]  drivers/gpu/drm/bridge/adv7511/adv7511_cec.o
  CC [M]  sound/virtio/virtio_pcm_ops.o
  CC [M]  fs/smb/client/smb1ops.o
  CC [M]  fs/smb/client/cifssmb.o
  CC [M]  net/ipv6/netfilter/ip6t_mh.o
  AR      drivers/base/built-in.a
  CC [M]  net/netfilter/nf_nat_irc.o
  CC [M]  sound/soc/codecs/tas571x.o
  LD [M]  sound/virtio/virtio_snd.o
  LD [M]  drivers/gpu/drm/bridge/adv7511/adv7511.o
  LD [M]  drivers/gpu/drm/bridge/tda998x.o
  CC [M]  drivers/gpu/drm/drm_exec.o
  CC [M]  fs/smb/client/cifstransport.o
  CC [M]  net/dsa/conduit.o
  CC [M]  net/ipv6/netfilter/ip6t_hbh.o
  CC [M]  net/netfilter/nf_nat_sip.o
  CC [M]  sound/soc/codecs/tlv320aic32x4.o
  CC [M]  drivers/gpu/drm/drm_gpuvm.o
  CC [M]  net/netfilter/nf_nat_tftp.o
  CC [M]  net/netfilter/nf_synproxy_core.o
  CC [M]  net/dsa/devlink.o
  CC [M]  net/ipv6/netfilter/ip6t_rpfilter.o
  CC [M]  sound/soc/codecs/tlv320aic32x4-clk.o
  CC [M]  net/ipv6/netfilter/ip6t_rt.o
  CC [M]  drivers/gpu/drm/drm_gem_shmem_helper.o
  CC [M]  net/8021q/vlan.o
  CC [M]  sound/soc/codecs/tlv320aic32x4-i2c.o
  CC [M]  net/dsa/dsa.o
  LD [M]  fs/smb/client/cifs.o
  CC [M]  fs/fuse/trace.o
  CC [M]  fs/overlayfs/super.o
  CC [M]  net/netfilter/nf_conncount.o
  CC [M]  net/ipv6/netfilter/ip6t_srh.o
  CC [M]  drivers/gpu/drm/drm_fbdev_shmem.o
  CC [M]  sound/soc/codecs/wcd-clsh-v2.o
  CC [M]  net/8021q/vlan_dev.o
  CC [M]  fs/fuse/dev.o
  CC [M]  fs/overlayfs/namei.o
  CC [M]  net/dsa/netlink.o
  CC [M]  drivers/gpu/drm/scheduler/sched_main.o
  CC [M]  sound/soc/codecs/wcd-common.o
  CC [M]  net/netfilter/nf_dup_netdev.o
  CC [M]  net/ipv6/netfilter/ip6t_NPT.o
  CC [M]  net/8021q/vlan_netlink.o
  CC [M]  sound/soc/codecs/wcd-mbhc-v2.o
  CC [M]  net/dsa/port.o
  CC [M]  fs/overlayfs/util.o
  CC [M]  fs/fuse/dir.o
  CC [M]  net/netfilter/nf_tables_core.o
  CC [M]  drivers/gpu/drm/scheduler/sched_entity.o
  CC [M]  net/ipv6/netfilter/ip6t_REJECT.o
  CC [M]  net/8021q/vlan_gvrp.o
  CC [M]  sound/soc/codecs/wcd9335.o
  LD [M]  drivers/gpu/drm/scheduler/gpu-sched.o
  CC [M]  drivers/gpu/drm/udl/udl_drv.o
  CC [M]  net/netfilter/nf_tables_api.o
  CC [M]  fs/overlayfs/inode.o
  CC [M]  net/8021q/vlan_mvrp.o
  CC [M]  net/ipv6/netfilter/ip6t_SYNPROXY.o
  CC [M]  net/dsa/switch.o
  CC [M]  fs/fuse/file.o
  CC [M]  drivers/gpu/drm/udl/udl_edid.o
  CC [M]  sound/soc/codecs/wcd934x.o
  CC [M]  fs/overlayfs/file.o
  CC [M]  net/8021q/vlanproc.o
  CC [M]  drivers/gpu/drm/udl/udl_main.o
  LD [M]  net/ipv6/netfilter/nf_defrag_ipv6.o
  CC [M]  net/ipv6/af_inet6.o
  CC [M]  net/dsa/tag.o
  LD [M]  net/8021q/8021q.o
  CC [M]  drivers/gpu/drm/udl/udl_modeset.o
  CC [M]  drivers/gpu/drm/udl/udl_transfer.o
  CC [M]  fs/overlayfs/dir.o
  CC [M]  fs/fuse/inode.o
  CC [M]  sound/soc/codecs/wcd938x.o
  CC [M]  fs/overlayfs/readdir.o
  LD [M]  drivers/gpu/drm/udl/udl.o
  CC [M]  drivers/gpu/drm/virtio/virtgpu_drv.o
  CC [M]  net/ipv6/anycast.o
  CC [M]  net/dsa/tag_8021q.o
  CC [M]  fs/fuse/control.o
  CC [M]  drivers/gpu/drm/virtio/virtgpu_kms.o
  CC [M]  drivers/gpu/drm/msm/msm_debugfs.o
  CC [M]  sound/soc/codecs/wcd938x-sdw.o
  CC [M]  fs/overlayfs/copy_up.o
  CC [M]  net/ipv6/ip6_output.o
  CC [M]  net/dsa/trace.o
  CC [M]  fs/fuse/xattr.o
  CC [M]  drivers/gpu/drm/virtio/virtgpu_gem.o
  CC [M]  drivers/gpu/drm/msm/msm_drv.o
  CC [M]  sound/soc/codecs/wm8524.o
  CC [M]  fs/fuse/acl.o
  CC [M]  fs/overlayfs/export.o
  CC [M]  sound/soc/codecs/wm8904.o
  CC [M]  drivers/gpu/drm/virtio/virtgpu_vram.o
  CC [M]  net/netfilter/nft_chain_filter.o
  CC [M]  drivers/gpu/drm/msm/msm_fence.o
  CC [M]  net/dsa/user.o
  CC [M]  fs/fuse/readdir.o
  CC [M]  fs/overlayfs/params.o
  CC [M]  drivers/gpu/drm/virtio/virtgpu_display.o
  CC [M]  net/ipv6/ip6_input.o
  CC [M]  drivers/gpu/drm/msm/msm_gem.o
  CC [M]  sound/soc/codecs/wm8960.o
  CC [M]  fs/fuse/ioctl.o
  CC [M]  net/netfilter/nf_tables_trace.o
  CC [M]  fs/overlayfs/xattrs.o
  CC [M]  drivers/gpu/drm/virtio/virtgpu_vq.o
  CC [M]  fs/fuse/iomode.o
  CC [M]  sound/soc/codecs/wm8962.o
  LD [M]  fs/overlayfs/overlay.o
  CC [M]  drivers/gpu/drm/virtio/virtgpu_fence.o
  CC [M]  net/dsa/tag_brcm.o
  CC [M]  net/ipv6/addrconf.o
  CC [M]  drivers/gpu/drm/msm/msm_gem_prime.o
  CC [M]  net/netfilter/nft_immediate.o
  CC [M]  net/dsa/tag_none.o
  CC [M]  fs/fuse/passthrough.o
  CC [M]  drivers/gpu/drm/virtio/virtgpu_object.o
  CC [M]  drivers/gpu/drm/msm/msm_gem_shrinker.o
  CC [M]  drivers/gpu/drm/virtio/virtgpu_debugfs.o
  CC [M]  sound/soc/codecs/wm8978.o
  CC [M]  net/netfilter/nft_cmp.o
  LD [M]  net/dsa/dsa_core.o
  CC [M]  net/netfilter/nft_range.o
  CC [M]  fs/fuse/backing.o
  CC [M]  fs/udf/balloc.o
  CC [M]  drivers/gpu/drm/virtio/virtgpu_plane.o
  CC [M]  drivers/gpu/drm/msm/msm_gem_submit.o
  CC [M]  sound/soc/codecs/wsa881x.o
  CC [M]  fs/fuse/sysctl.o
  CC [M]  net/wireless/core.o
  CC [M]  net/netfilter/nft_bitwise.o
  CC [M]  drivers/gpu/drm/virtio/virtgpu_ioctl.o
  CC [M]  fs/udf/dir.o
  CC [M]  drivers/gpu/drm/msm/msm_gem_vma.o
  CC [M]  sound/soc/codecs/simple-amplifier.o
  CC [M]  fs/fuse/dev_uring.o
  CC [M]  fs/udf/file.o
  CC [M]  net/netfilter/nft_byteorder.o
  CC [M]  drivers/gpu/drm/virtio/virtgpu_prime.o
  CC [M]  net/ipv6/addrlabel.o
  CC [M]  sound/soc/codecs/lpass-macro-common.o
  CC [M]  fs/udf/ialloc.o
  CC [M]  net/wireless/sysfs.o
  CC [M]  fs/fuse/cuse.o
  CC [M]  drivers/gpu/drm/msm/msm_gpu.o
  CC [M]  sound/soc/codecs/lpass-wsa-macro.o
  CC [M]  drivers/gpu/drm/virtio/virtgpu_trace_points.o
  CC [M]  net/netfilter/nft_payload.o
  CC [M]  net/ipv6/route.o
  CC [M]  fs/udf/inode.o
  CC [M]  fs/fuse/virtio_fs.o
  CC [M]  drivers/gpu/drm/virtio/virtgpu_submit.o
  CC [M]  sound/soc/codecs/lpass-va-macro.o
  CC [M]  net/wireless/radiotap.o
  CC [M]  drivers/gpu/drm/msm/msm_gpu_devfreq.o
  CC [M]  net/netfilter/nft_lookup.o
  LD [M]  drivers/gpu/drm/virtio/virtio-gpu.o
  CC [M]  net/netfilter/nft_dynset.o
  CC [M]  drivers/gpu/drm/msm/msm_io_utils.o
  CC [M]  net/wireless/util.o
  CC [M]  sound/soc/codecs/lpass-rx-macro.o
  CC [M]  fs/udf/lowlevel.o
  LD [M]  fs/fuse/fuse.o
  LD [M]  fs/fuse/virtiofs.o
  CC [M]  fs/udf/namei.o
  CC [M]  fs/udf/partition.o
  CC [M]  drivers/gpu/drm/msm/msm_iommu.o
  CC [M]  net/ipv6/ip6_fib.o
  CC [M]  net/netfilter/nft_meta.o
  CC [M]  net/netfilter/nft_rt.o
  CC [M]  sound/soc/codecs/lpass-tx-macro.o
  CC [M]  fs/udf/super.o
  CC [M]  drivers/gpu/drm/msm/msm_perf.o
  CC [M]  net/wireless/reg.o
  CC [M]  sound/soc/codecs/simple-mux.o
  CC [M]  net/netfilter/nft_exthdr.o
  CC [M]  net/ipv6/ipv6_sockglue.o
  CC [M]  fs/f2fs/dir.o
  CC [M]  drivers/gpu/drm/msm/msm_rd.o
  CC [M]  drivers/gpu/drm/msm/msm_ringbuffer.o
  CC [M]  fs/udf/truncate.o
  LD [M]  sound/soc/codecs/snd-soc-adau7002.o
  LD [M]  sound/soc/codecs/snd-soc-ak4613.o
  LD [M]  sound/soc/codecs/snd-soc-cros-ec-codec.o
  LD [M]  sound/soc/codecs/snd-soc-es7134.o
  LD [M]  sound/soc/codecs/snd-soc-es7241.o
  LD [M]  sound/soc/codecs/snd-soc-gtm601.o
  LD [M]  sound/soc/codecs/snd-soc-max98357a.o
  LD [M]  sound/soc/codecs/snd-soc-max98927.o
  LD [M]  sound/soc/codecs/snd-soc-msm8916-analog.o
  LD [M]  sound/soc/codecs/snd-soc-msm8916-digital.o
  LD [M]  sound/soc/codecs/snd-soc-nau8822.o
  LD [M]  sound/soc/codecs/snd-soc-hdmi-codec.o
  LD [M]  sound/soc/codecs/snd-soc-pcm3168a.o
  LD [M]  sound/soc/codecs/snd-soc-pcm3168a-i2c.o
  LD [M]  sound/soc/codecs/snd-soc-rt5659.o
  LD [M]  sound/soc/codecs/snd-soc-rt5682.o
  LD [M]  sound/soc/codecs/snd-soc-rt5682-i2c.o
  LD [M]  sound/soc/codecs/snd-soc-rt5682s.o
  LD [M]  sound/soc/codecs/snd-soc-tas571x.o
  LD [M]  sound/soc/codecs/snd-soc-tlv320aic32x4.o
  LD [M]  sound/soc/codecs/snd-soc-tlv320aic32x4-i2c.o
  LD [M]  sound/soc/codecs/snd-soc-wcd-classh.o
  LD [M]  sound/soc/codecs/snd-soc-wcd-common.o
  LD [M]  sound/soc/codecs/snd-soc-wcd-mbhc.o
  LD [M]  sound/soc/codecs/snd-soc-wcd9335.o
  LD [M]  sound/soc/codecs/snd-soc-wcd934x.o
  LD [M]  sound/soc/codecs/snd-soc-wcd938x.o
  LD [M]  sound/soc/codecs/snd-soc-wcd938x-sdw.o
  LD [M]  sound/soc/codecs/snd-soc-wm8524.o
  LD [M]  sound/soc/codecs/snd-soc-wm8904.o
  LD [M]  sound/soc/codecs/snd-soc-wm8960.o
  LD [M]  sound/soc/codecs/snd-soc-wm8962.o
  LD [M]  sound/soc/codecs/snd-soc-wm8978.o
  LD [M]  sound/soc/codecs/snd-soc-wsa881x.o
  LD [M]  sound/soc/codecs/snd-soc-simple-amplifier.o
  LD [M]  sound/soc/codecs/snd-soc-lpass-macro-common.o
  LD [M]  sound/soc/codecs/snd-soc-lpass-wsa-macro.o
  LD [M]  sound/soc/codecs/snd-soc-lpass-va-macro.o
  LD [M]  sound/soc/codecs/snd-soc-lpass-rx-macro.o
  LD [M]  sound/soc/codecs/snd-soc-lpass-tx-macro.o
  LD [M]  sound/soc/codecs/snd-soc-simple-mux.o
  CC [M]  sound/soc/fsl/fsl_asrc.o
  CC [M]  fs/udf/symlink.o
  CC [M]  drivers/gpu/drm/msm/msm_submitqueue.o
  CC [M]  net/netfilter/nft_last.o
  CC [M]  fs/f2fs/file.o
  CC [M]  drivers/gpu/drm/msm/msm_syncobj.o
  CC [M]  net/ipv6/ndisc.o
  CC [M]  net/wireless/scan.o
  CC [M]  fs/udf/directory.o
  CC [M]  fs/udf/misc.o
  CC [M]  net/netfilter/nft_counter.o
  CC [M]  sound/soc/fsl/fsl_asrc_dma.o
  CC [M]  drivers/gpu/drm/msm/msm_gpu_tracepoints.o
  CC [M]  drivers/gpu/drm/msm/msm_atomic.o
  CC [M]  fs/udf/udftime.o
  CC [M]  sound/soc/fsl/fsl_asrc_m2m.o
  CC [M]  net/netfilter/nft_objref.o
  CC [M]  net/netfilter/nft_inner.o
  CC [M]  net/ipv6/udp.o
  CC [M]  fs/udf/unicode.o
  CC [M]  drivers/gpu/drm/msm/msm_atomic_tracepoints.o
  CC [M]  sound/soc/fsl/fsl_micfil.o
  CC [M]  net/netfilter/nft_chain_route.o
  CC [M]  net/wireless/nl80211.o
  LD [M]  fs/udf/udf.o
  CC [M]  net/netfilter/nf_tables_offload.o
  CC [M]  net/wireless/mlme.o
  CC [M]  fs/f2fs/inode.o
  CC [M]  drivers/gpu/drm/msm/msm_fb.o
  CC [M]  sound/soc/fsl/fsl_utils.o
  CC [M]  fs/f2fs/namei.o
  CC [M]  drivers/gpu/drm/msm/msm_kms.o
  CC [M]  net/netfilter/nft_set_hash.o
  CC [M]  sound/soc/fsl/fsl_easrc.o
  CC [M]  net/ipv6/udplite.o
  CC [M]  net/ipv6/raw.o
  CC [M]  fs/f2fs/hash.o
  CC [M]  drivers/gpu/drm/msm/msm_fbdev.o
  CC [M]  net/wireless/ibss.o
  CC [M]  net/ipv6/icmp.o
  LD [M]  sound/soc/fsl/snd-soc-fsl-asrc.o
  LD [M]  sound/soc/fsl/snd-soc-fsl-micfil.o
  LD [M]  sound/soc/fsl/snd-soc-fsl-utils.o
  LD [M]  sound/soc/fsl/snd-soc-fsl-easrc.o
  CC [M]  fs/f2fs/super.o
  CC [M]  net/netfilter/nft_set_bitmap.o
  CC [M]  sound/soc/qcom/lpass-cpu.o
  CC [M]  drivers/gpu/drm/msm/adreno/adreno_device.o
  CC [M]  drivers/gpu/drm/msm/adreno/adreno_gpu.o
  CC [M]  net/ipv6/mcast.o
  CC [M]  net/netfilter/nft_set_rbtree.o
  CC [M]  sound/soc/qcom/lpass-hdmi.o
  CC [M]  net/netfilter/nft_set_pipapo.o
  CC [M]  net/netfilter/nft_compat.o
  CC [M]  sound/soc/qcom/lpass-platform.o
  CC [M]  drivers/gpu/drm/msm/adreno/a2xx_catalog.o
  CC [M]  drivers/gpu/drm/msm/adreno/a2xx_gpu.o
  CC [M]  drivers/gpu/drm/msm/adreno/a2xx_gpummu.o
  CC [M]  net/netfilter/nft_connlimit.o
  CC [M]  net/netfilter/nft_numgen.o
  CC [M]  sound/soc/qcom/lpass-sc7180.o
  CC [M]  net/ipv6/reassembly.o
  CC [M]  net/wireless/sme.o
  CC [M]  drivers/gpu/drm/msm/adreno/a3xx_catalog.o
  CC [M]  sound/soc/qcom/sc7180.o
  CC [M]  drivers/gpu/drm/msm/adreno/a3xx_gpu.o
  CC [M]  net/netfilter/nft_ct.o
  CC [M]  net/netfilter/nft_flow_offload.o
  CC [M]  sound/soc/qcom/sm8250.o
  CC [M]  net/ipv6/tcp_ipv6.o
  CC [M]  fs/f2fs/inline.o
  CC [M]  drivers/gpu/drm/msm/adreno/a4xx_catalog.o
  CC [M]  sound/soc/qcom/common.o
  CC [M]  fs/f2fs/checkpoint.o
  CC [M]  fs/f2fs/gc.o
  CC [M]  net/netfilter/nft_limit.o
  CC [M]  drivers/gpu/drm/msm/adreno/a4xx_gpu.o
  CC [M]  sound/soc/qcom/sdw.o
  CC [M]  drivers/gpu/drm/msm/adreno/a5xx_catalog.o
  CC [M]  net/wireless/chan.o
  CC [M]  net/netfilter/nft_nat.o
  CC [M]  sound/soc/qcom/qdsp6/q6dsp-lpass-ports.o
  CC [M]  net/ipv6/ping.o
  CC [M]  sound/soc/qcom/qdsp6/q6dsp-lpass-clocks.o
  CC [M]  drivers/gpu/drm/msm/adreno/a5xx_gpu.o
  CC [M]  net/ipv6/exthdrs.o
  CC [M]  fs/f2fs/data.o
  CC [M]  fs/f2fs/node.o
  CC [M]  sound/soc/qcom/qdsp6/q6core.o
  CC [M]  net/netfilter/nft_queue.o
  CC [M]  net/netfilter/nft_quota.o
  CC [M]  sound/soc/qcom/qdsp6/q6afe.o
  CC [M]  net/wireless/ethtool.o
  CC [M]  net/ipv6/datagram.o
  CC [M]  drivers/gpu/drm/msm/adreno/a5xx_power.o
  CC [M]  net/ipv6/ip6_flowlabel.o
  CC [M]  net/netfilter/nft_reject.o
  CC [M]  sound/soc/qcom/qdsp6/q6afe-dai.o
  CC [M]  net/wireless/mesh.o
  CC [M]  net/netfilter/nft_reject_inet.o
  CC [M]  drivers/gpu/drm/msm/adreno/a5xx_preempt.o
  CC [M]  sound/soc/qcom/qdsp6/q6afe-clocks.o
  CC [M]  sound/soc/qcom/qdsp6/q6adm.o
  CC [M]  sound/soc/qcom/qdsp6/q6routing.o
  CC [M]  net/ipv6/inet6_connection_sock.o
  CC [M]  fs/f2fs/segment.o
  CC [M]  drivers/gpu/drm/msm/adreno/a6xx_catalog.o
  CC [M]  net/wireless/ap.o
  CC [M]  drivers/gpu/drm/msm/adreno/a6xx_gpu.o
  CC [M]  net/netfilter/nft_reject_netdev.o
  CC [M]  sound/soc/qcom/qdsp6/q6asm.o
  CC [M]  sound/soc/qcom/qdsp6/q6asm-dai.o
  CC [M]  net/ipv6/udp_offload.o
  CC [M]  drivers/gpu/drm/msm/adreno/a6xx_gmu.o
  CC [M]  net/wireless/trace.o
  CC [M]  net/netfilter/nft_tunnel.o
  CC [M]  net/wireless/ocb.o
  CC [M]  sound/soc/qcom/qdsp6/q6apm.o
  CC [M]  net/ipv6/seg6.o
  CC [M]  net/ipv6/fib6_notifier.o
  CC [M]  sound/soc/qcom/qdsp6/audioreach.o
  CC [M]  drivers/gpu/drm/msm/adreno/a6xx_hfi.o
  CC [M]  drivers/gpu/drm/msm/adreno/a6xx_preempt.o
  CC [M]  net/netfilter/nft_log.o
  CC [M]  drivers/gpu/drm/msm/adreno/a5xx_debugfs.o
  CC [M]  net/ipv6/rpl.o
  CC [M]  sound/soc/qcom/qdsp6/topology.o
  CC [M]  net/ipv6/ioam6.o
  CC [M]  net/netfilter/nft_masq.o
  CC [M]  fs/f2fs/recovery.o
  CC [M]  net/ipv6/sysctl_net_ipv6.o
  CC [M]  drivers/gpu/drm/msm/adreno/a6xx_gpu_state.o
  CC [M]  net/wireless/pmsr.o
  CC [M]  sound/soc/qcom/qdsp6/q6apm-dai.o
  CC [M]  net/netfilter/nft_redir.o
  CC [M]  net/netfilter/nft_hash.o
  CC [M]  fs/f2fs/shrinker.o
  CC [M]  net/ipv6/xfrm6_policy.o
  CC [M]  sound/soc/qcom/qdsp6/q6apm-lpass-dais.o
  CC [M]  sound/soc/qcom/qdsp6/q6prm.o
  CC [M]  sound/soc/qcom/qdsp6/q6prm-clocks.o
  CC [M]  fs/f2fs/extent_cache.o
  CC [M]  net/netfilter/nft_fib.o
  CC [M]  drivers/gpu/drm/msm/hdmi/hdmi.o
  CC [M]  drivers/gpu/drm/msm/hdmi/hdmi_audio.o
  CC [M]  drivers/gpu/drm/msm/hdmi/hdmi_bridge.o
  CC [M]  net/ipv6/xfrm6_state.o
  LD [M]  sound/soc/qcom/qdsp6/snd-q6dsp-common.o
  LD [M]  sound/soc/qcom/qdsp6/snd-q6apm.o
  LD [M]  sound/soc/qcom/snd-soc-lpass-cpu.o
  LD [M]  sound/soc/qcom/snd-soc-lpass-hdmi.o
  LD [M]  sound/soc/qcom/snd-soc-lpass-platform.o
  LD [M]  sound/soc/qcom/snd-soc-lpass-sc7180.o
  LD [M]  sound/soc/qcom/snd-soc-sc7180.o
  LD [M]  sound/soc/qcom/snd-soc-sm8250.o
  LD [M]  sound/soc/qcom/snd-soc-qcom-common.o
  LD [M]  sound/soc/qcom/snd-soc-qcom-sdw.o
  CC [M]  net/netfilter/nft_fib_inet.o
  CC [M]  net/ipv6/xfrm6_input.o
  CC [M]  net/ipv6/xfrm6_output.o
  CC [M]  net/ipv6/xfrm6_protocol.o
  CC [M]  fs/f2fs/sysfs.o
  CC [M]  drivers/gpu/drm/msm/hdmi/hdmi_hpd.o
  CC [M]  drivers/gpu/drm/msm/hdmi/hdmi_i2c.o
  CC [M]  net/netfilter/nft_fib_netdev.o
  CC [M]  drivers/gpu/drm/msm/hdmi/hdmi_phy.o
  CC [M]  fs/f2fs/debug.o
  CC [M]  fs/f2fs/xattr.o
  CC [M]  net/ipv6/netfilter.o
  CC [M]  net/ipv6/fib6_rules.o
  CC [M]  drivers/gpu/drm/msm/hdmi/hdmi_phy_8960.o
  CC [M]  net/netfilter/nft_socket.o
  CC [M]  net/netfilter/nft_osf.o
  CC [M]  net/wireless/of.o
  CC [M]  net/wireless/wext-compat.o
  CC [M]  fs/f2fs/acl.o
  CC [M]  drivers/gpu/drm/msm/hdmi/hdmi_phy_8996.o
  CC [M]  drivers/gpu/drm/msm/hdmi/hdmi_phy_8998.o
  CC [M]  net/ipv6/proc.o
  CC [M]  net/ipv6/syncookies.o
  CC [M]  net/ipv6/sit.o
  CC [M]  net/netfilter/nft_tproxy.o
  CC [M]  fs/f2fs/compress.o
  CC [M]  net/ipv6/ip6_udp_tunnel.o
  CC [M]  drivers/gpu/drm/msm/hdmi/hdmi_phy_8x60.o
  CC [M]  drivers/gpu/drm/msm/hdmi/hdmi_phy_8x74.o
  CC [M]  net/wireless/wext-sme.o
  CC [M]  net/wireless/shipped-certs.o
  LD [M]  drivers/gpu/drm/drm_shmem_helper.o
  CC [M]  drivers/gpu/drm/msm/hdmi/hdmi_pll_8960.o
  CC [M]  net/netfilter/nft_xfrm.o
  CC [M]  drivers/gpu/drm/msm/disp/dpu1/dpu_core_perf.o
  CC [M]  drivers/gpu/drm/msm/disp/dpu1/dpu_crtc.o
  LD [M]  net/ipv6/ipv6.o
  CC [M]  drivers/gpu/drm/msm/disp/dpu1/dpu_encoder.o
  CC [M]  fs/f2fs/iostat.o
  CC [M]  drivers/gpu/drm/msm/disp/dpu1/dpu_encoder_phys_cmd.o
  CC [M]  net/netfilter/nft_synproxy.o
  LD [M]  net/wireless/cfg80211.o
  CC [M]  drivers/gpu/drm/msm/disp/dpu1/dpu_encoder_phys_vid.o
  CC [M]  drivers/gpu/drm/msm/disp/dpu1/dpu_encoder_phys_wb.o
  CC [M]  net/qrtr/mhi.o
  LD [M]  fs/f2fs/f2fs.o
  CC [M]  drivers/gpu/drm/msm/disp/dpu1/dpu_formats.o
  CC [M]  net/llc/llc_core.o
  CC [M]  net/llc/llc_input.o
  CC [M]  net/llc/llc_output.o
  CC [M]  net/netfilter/nft_chain_nat.o
  CC [M]  net/bridge/br.o
  LD [M]  net/qrtr/qrtr-mhi.o
  CC [M]  net/bridge/br_device.o
  CC [M]  net/bridge/br_fdb.o
  CC [M]  drivers/gpu/drm/msm/disp/dpu1/dpu_hw_catalog.o
  CC [M]  drivers/gpu/drm/msm/disp/dpu1/dpu_hw_cdm.o
  CC [M]  net/can/af_can.o
  LD [M]  net/llc/llc.o
  CC [M]  net/bluetooth/af_bluetooth.o
  CC [M]  net/netfilter/nft_dup_netdev.o
  CC [M]  net/netfilter/nft_fwd_netdev.o
  CC [M]  net/bluetooth/hci_core.o
  CC [M]  net/netfilter/nf_flow_table_core.o
  CC [M]  drivers/gpu/drm/msm/disp/dpu1/dpu_hw_ctl.o
  CC [M]  net/can/proc.o
  CC [M]  drivers/gpu/drm/msm/disp/dpu1/dpu_hw_cwb.o
  CC [M]  drivers/gpu/drm/msm/disp/dpu1/dpu_hw_dsc.o
  CC [M]  net/bridge/br_forward.o
  CC [M]  net/netfilter/nf_flow_table_ip.o
  CC [M]  net/can/raw.o
  CC [M]  net/netfilter/nf_flow_table_offload.o
  CC [M]  drivers/gpu/drm/msm/disp/dpu1/dpu_hw_dsc_1_2.o
  CC [M]  drivers/gpu/drm/msm/disp/dpu1/dpu_hw_interrupts.o
  CC [M]  net/can/bcm.o
  CC [M]  net/bridge/br_if.o
  CC [M]  net/netfilter/nf_flow_table_xdp.o
  CC [M]  drivers/gpu/drm/msm/disp/dpu1/dpu_hw_intf.o
  CC [M]  net/bluetooth/hci_conn.o
  CC [M]  net/bluetooth/hci_event.o
  CC [M]  drivers/gpu/drm/msm/disp/dpu1/dpu_hw_lm.o
  CC [M]  net/bluetooth/mgmt.o
  CC [M]  net/can/gw.o
  CC [M]  net/netfilter/nf_flow_table_inet.o
  CC [M]  net/bridge/br_input.o
  CC [M]  net/bridge/br_ioctl.o
  CC [M]  drivers/gpu/drm/msm/disp/dpu1/dpu_hw_pingpong.o
  CC [M]  net/netfilter/x_tables.o
  LD [M]  net/can/can.o
  LD [M]  net/can/can-raw.o
  LD [M]  net/can/can-bcm.o
  LD [M]  net/can/can-gw.o
  CC [M]  net/netfilter/xt_tcpudp.o
  CC [M]  drivers/gpu/drm/msm/disp/dpu1/dpu_hw_sspp.o
  CC [M]  drivers/gpu/drm/msm/disp/dpu1/dpu_hw_dspp.o
  CC [M]  net/bridge/br_stp.o
  CC [M]  net/mac80211/main.o
  CC [M]  net/mac80211/status.o
  CC [M]  drivers/gpu/drm/msm/disp/dpu1/dpu_hw_merge3d.o
  CC [M]  drivers/gpu/drm/msm/disp/dpu1/dpu_hw_top.o
  CC [M]  net/bridge/br_stp_bpdu.o
  CC [M]  net/netfilter/xt_mark.o
  CC [M]  net/bridge/br_stp_if.o
  CC [M]  net/netfilter/xt_connmark.o
  CC [M]  drivers/gpu/drm/msm/disp/dpu1/dpu_hw_util.o
  CC [M]  drivers/gpu/drm/msm/disp/dpu1/dpu_hw_vbif.o
  CC [M]  net/mac80211/driver-ops.o
  CC [M]  drivers/gpu/drm/msm/disp/dpu1/dpu_hw_wb.o
  CC [M]  net/netfilter/xt_nat.o
  CC [M]  net/bluetooth/hci_sock.o
  CC [M]  net/bluetooth/hci_sysfs.o
  CC [M]  net/bridge/br_stp_timer.o
  CC [M]  net/bridge/br_netlink.o
  CC [M]  net/bridge/br_netlink_tunnel.o
  CC [M]  drivers/gpu/drm/msm/disp/dpu1/dpu_kms.o
  CC [M]  net/netfilter/xt_AUDIT.o
  CC [M]  net/netfilter/xt_CHECKSUM.o
  CC [M]  net/netfilter/xt_CLASSIFY.o
  CC [M]  net/mac80211/sta_info.o
  CC [M]  net/bluetooth/l2cap_core.o
  CC [M]  net/bridge/br_arp_nd_proxy.o
  CC [M]  net/bluetooth/l2cap_sock.o
  CC [M]  drivers/block/nbd.o
  CC [M]  net/bridge/br_sysfs_if.o
  CC [M]  net/netfilter/xt_CT.o
  CC [M]  net/netfilter/xt_DSCP.o
  CC [M]  net/bridge/br_sysfs_br.o
  CC [M]  net/netfilter/xt_HL.o
  CC [M]  drivers/gpu/drm/msm/disp/dpu1/dpu_plane.o
  CC [M]  net/bluetooth/smp.o
  CC [M]  net/mac80211/wep.o
  CC [M]  drivers/block/zram/zram_drv.o
  CC [M]  net/netfilter/xt_HMARK.o
  CC [M]  net/bridge/br_nf_core.o
  CC [M]  net/rfkill/core.o
  CC [M]  net/nfc/core.o
  CC [M]  net/mac80211/aead_api.o
  CC [M]  drivers/gpu/drm/msm/disp/dpu1/dpu_rm.o
  LD [M]  drivers/block/zram/zram.o
  CC [M]  net/bluetooth/lib.o
  CC [M]  net/bridge/br_multicast.o
  CC [M]  net/netfilter/xt_LED.o
  CC [M]  net/netfilter/xt_LOG.o
  CC [M]  net/rfkill/input.o
  CC [M]  net/mac80211/wpa.o
  CC [M]  net/bluetooth/ecdh_helper.o
  CC [M]  net/mac80211/scan.o
  LD [M]  net/rfkill/rfkill.o
  CC [M]  net/netfilter/xt_NETMAP.o
  CC [M]  net/nfc/netlink.o
  CC [M]  drivers/gpu/drm/msm/disp/dpu1/dpu_vbif.o
  CC [M]  drivers/gpu/drm/msm/disp/dpu1/dpu_writeback.o
  CC [M]  net/bluetooth/mgmt_util.o
  CC [M]  net/bluetooth/mgmt_config.o
  CC [M]  net/netfilter/xt_NFLOG.o
  CC [M]  net/netfilter/xt_NFQUEUE.o
  CC [M]  drivers/gpu/drm/msm/msm_mdss.o
  CC [M]  net/nfc/af_nfc.o
  CC [M]  net/netfilter/xt_RATEEST.o
  CC [M]  net/mac80211/offchannel.o
  CC [M]  net/bluetooth/hci_codec.o
  CC [M]  drivers/gpu/drm/msm/disp/mdp_format.o
  CC [M]  net/bridge/br_mdb.o
  CC [M]  net/mac80211/ht.o
  CC [M]  drivers/misc/eeprom/at24.o
  CC [M]  net/nfc/rawsock.o
  CC [M]  net/netfilter/xt_REDIRECT.o
  CC [M]  drivers/gpu/drm/msm/disp/mdp_kms.o
  CC [M]  net/bluetooth/eir.o
  CC [M]  drivers/misc/eeprom/at25.o
  CC [M]  net/netfilter/xt_MASQUERADE.o
  CC [M]  net/nfc/llcp_core.o
  CC [M]  net/mac80211/agg-tx.o
  CC [M]  drivers/gpu/drm/msm/disp/msm_disp_snapshot.o
  CC [M]  net/bridge/br_multicast_eht.o
  CC [M]  net/bridge/br_vlan.o
  CC [M]  net/bluetooth/hci_sync.o
  CC [M]  drivers/misc/qcom-coincell.o
  CC [M]  net/netfilter/xt_TPROXY.o
  CC [M]  drivers/gpu/drm/msm/disp/msm_disp_snapshot_util.o
  CC [M]  drivers/misc/fastrpc.o
  CC [M]  net/nfc/llcp_commands.o
  CC [M]  net/netfilter/xt_TCPMSS.o
  CC [M]  net/mac80211/agg-rx.o
  CC [M]  drivers/gpu/drm/msm/dp/dp_aux.o
  CC [M]  drivers/gpu/drm/msm/dp/dp_ctrl.o
  CC [M]  net/bridge/br_vlan_tunnel.o
  CC [M]  net/nfc/llcp_sock.o
  CC [M]  drivers/misc/uacce/uacce.o
  CC [M]  net/mac80211/vht.o
  CC [M]  net/netfilter/xt_TCPOPTSTRIP.o
  CC [M]  net/nfc/nci/core.o
  CC [M]  net/netfilter/xt_TEE.o
  CC [M]  net/bridge/br_vlan_options.o
  CC [M]  net/bridge/br_mst.o
  CC [M]  net/bluetooth/hci_drv.o
  CC [M]  drivers/gpu/drm/msm/dp/dp_debug.o
  CC [M]  net/nfc/nci/data.o
  CC [M]  drivers/gpu/drm/msm/dp/dp_display.o
  CC [M]  net/netfilter/xt_IDLETIMER.o
  CC [M]  net/mac80211/he.o
  CC [M]  net/bluetooth/coredump.o
  CC [M]  net/mac80211/s1g.o
  CC [M]  net/bridge/br_switchdev.o
  CC [M]  net/mac80211/ibss.o
  CC [M]  net/nfc/nci/lib.o
  CC [M]  net/netfilter/xt_addrtype.o
  CC [M]  drivers/gpu/drm/msm/dp/dp_drm.o
  CC [M]  net/nfc/nci/ntf.o
  CC [M]  net/netfilter/xt_bpf.o
  CC [M]  net/bluetooth/sco.o
  CC [M]  net/bluetooth/leds.o
  CC [M]  net/bridge/br_netfilter_hooks.o
  CC [M]  drivers/gpu/drm/msm/dp/dp_link.o
  CC [M]  drivers/gpu/drm/msm/dp/dp_panel.o
  CC [M]  net/mac80211/iface.o
  CC [M]  net/netfilter/xt_cluster.o
  CC [M]  net/nfc/nci/rsp.o
  CC [M]  net/nfc/nci/hci.o
  CC [M]  net/bluetooth/rfcomm/core.o
  CC [M]  net/bluetooth/rfcomm/sock.o
  CC [M]  drivers/gpu/drm/msm/dp/dp_audio.o
  CC [M]  net/netfilter/xt_comment.o
  CC [M]  net/netfilter/xt_connbytes.o
  CC [M]  net/bridge/br_netfilter_ipv6.o
  CC [M]  drivers/gpu/drm/msm/dp/dp_utils.o
  LD [M]  net/nfc/nci/nci.o
  LD [M]  net/nfc/nfc.o
  CC [M]  net/bridge/netfilter/nft_meta_bridge.o
  CC [M]  net/mac80211/link.o
  CC [M]  net/mac80211/rate.o
  CC [M]  net/netfilter/xt_connlabel.o
  CC [M]  net/mac80211/michael.o
  CC [M]  net/mac80211/tkip.o
  CC [M]  net/bluetooth/rfcomm/tty.o
  CC [M]  drivers/gpu/drm/msm/hdmi/hdmi_hdcp.o
  CC [M]  net/bridge/netfilter/nft_reject_bridge.o
  CC [M]  net/bridge/netfilter/nf_conntrack_bridge.o
  CC [M]  net/netfilter/xt_connlimit.o
  CC [M]  net/netfilter/xt_conntrack.o
  CC [M]  net/netfilter/xt_cpu.o
  CC [M]  net/mac80211/aes_cmac.o
  CC [M]  drivers/gpu/drm/msm/dsi/dsi.o
  LD [M]  net/bluetooth/rfcomm/rfcomm.o
  CC [M]  net/bluetooth/bnep/core.o
  CC [M]  net/bluetooth/hidp/core.o
  CC [M]  net/bluetooth/hidp/sock.o
  CC [M]  net/bluetooth/bnep/sock.o
  CC [M]  net/netfilter/xt_dccp.o
  CC [M]  net/bridge/netfilter/ebt_802_3.o
  CC [M]  net/mac80211/aes_gmac.o
  CC [M]  drivers/gpu/drm/msm/dsi/dsi_cfg.o
  CC [M]  net/mac80211/fils_aead.o
  CC [M]  drivers/gpu/drm/msm/dsi/dsi_host.o
  CC [M]  net/bluetooth/bnep/netdev.o
  LD [M]  net/bluetooth/hidp/hidp.o
  CC [M]  drivers/gpu/drm/msm/dsi/dsi_manager.o
  CC [M]  net/bridge/netfilter/ebt_among.o
  CC [M]  net/bridge/netfilter/ebt_arp.o
  CC [M]  net/bridge/netfilter/ebt_ip.o
  CC [M]  net/netfilter/xt_devgroup.o
  LD [M]  net/bluetooth/bnep/bnep.o
  LD [M]  net/bluetooth/bluetooth.o
  CC [M]  net/mac80211/cfg.o
  CC [M]  net/mac80211/ethtool.o
  CC [M]  net/mac80211/rx.o
  CC [M]  net/mac80211/spectmgmt.o
  CC [M]  net/netfilter/xt_dscp.o
  CC [M]  net/bridge/netfilter/ebt_ip6.o
  CC [M]  drivers/gpu/drm/msm/dsi/phy/dsi_phy.o
  CC [M]  drivers/gpu/drm/msm/dsi/phy/dsi_phy_10nm.o
  CC [M]  net/netfilter/xt_ecn.o
  CC [M]  net/bridge/netfilter/ebt_limit.o
  CC [M]  net/bridge/netfilter/ebt_mark_m.o
  CC [M]  drivers/nfc/s3fwrn5/core.o
  CC [M]  drivers/mfd/wcd934x.o
  LD [M]  drivers/gpu/drm/msm/msm.o
  CC [M]  net/bridge/netfilter/ebt_pkttype.o
  CC [M]  drivers/nfc/s3fwrn5/firmware.o
  CC [M]  net/mac80211/tx.o
  CC [M]  net/mac80211/key.o
  CC [M]  net/mac80211/util.o
  CC [M]  net/netfilter/xt_esp.o
  CC [M]  net/bridge/netfilter/ebt_stp.o
  CC [M]  net/bridge/netfilter/ebt_vlan.o
  CC [M]  net/mac80211/parse.o
  CC [M]  drivers/nfc/s3fwrn5/nci.o
  CC [M]  net/netfilter/xt_hashlimit.o
  CC [M]  net/netfilter/xt_helper.o
  CC [M]  drivers/nfc/s3fwrn5/phy_common.o
  CC [M]  net/bridge/netfilter/ebt_arpreply.o
  CC [M]  net/bridge/netfilter/ebt_mark.o
  CC [M]  drivers/nfc/s3fwrn5/i2c.o
  CC [M]  net/bridge/netfilter/ebt_dnat.o
  CC [M]  net/netfilter/xt_hl.o
  CC [M]  net/netfilter/xt_ipcomp.o
  CC [M]  net/netfilter/xt_iprange.o
  LD [M]  net/bridge/bridge.o
  CC [M]  net/bridge/netfilter/ebt_redirect.o
  CC [M]  net/bridge/netfilter/ebt_snat.o
  LD [M]  drivers/nfc/s3fwrn5/s3fwrn5.o
  LD [M]  drivers/nfc/s3fwrn5/s3fwrn5_i2c.o
  CC [M]  net/netfilter/xt_ipvs.o
  CC [M]  net/netfilter/xt_l2tp.o
  CC [M]  drivers/scsi/raid_class.o
  CC [M]  net/mac80211/wme.o
  CC [M]  net/netfilter/xt_length.o
  CC [M]  net/mac80211/chan.o
  CC [M]  net/mac80211/trace.o
  CC [M]  net/bridge/netfilter/ebt_log.o
  CC [M]  net/netfilter/xt_limit.o
  CC [M]  drivers/mtd/nand/raw/brcmnand/brcmnand.o
  CC [M]  net/bridge/netfilter/ebt_nflog.o
  CC [M]  net/netfilter/xt_mac.o
  CC [M]  net/netfilter/xt_multiport.o
  CC [M]  net/mac80211/mlme.o
  CC [M]  net/netfilter/xt_nfacct.o
  CC [M]  net/netfilter/xt_osf.o
  LD [M]  net/bridge/br_netfilter.o
  CC [M]  net/netfilter/xt_owner.o
  CC [M]  drivers/spi/spidev.o
  CC [M]  net/netfilter/xt_cgroup.o
  CC [M]  net/netfilter/xt_physdev.o
  CC [M]  net/netfilter/xt_pkttype.o
  CC [M]  net/netfilter/xt_policy.o
  CC [M]  drivers/net/phy/qcom/qcom-phy-lib.o
  CC [M]  drivers/spi/spi-dw-core.o
  CC [M]  drivers/net/phy/qcom/at803x.o
  CC [M]  net/mac80211/tdls.o
  CC [M]  drivers/net/phy/mdio_bus.o
  CC [M]  net/netfilter/xt_quota.o
  CC [M]  drivers/spi/spi-dw-dma.o
  CC [M]  drivers/net/mdio/fwnode_mdio.o
  CC [M]  drivers/net/mdio/of_mdio.o
  CC [M]  drivers/net/phy/mdio_device.o
  CC [M]  drivers/net/phy/phylink.o
  CC [M]  net/netfilter/xt_rateest.o
  CC [M]  drivers/spi/spi-dw-mmio.o
  CC [M]  drivers/net/mdio/mdio-bcm-unimac.o
  CC [M]  net/mac80211/ocb.o
  CC [M]  drivers/net/dsa/b53/b53_common.o
  LD [M]  drivers/spi/spi-dw.o
  CC [M]  net/netfilter/xt_realm.o
  CC [M]  drivers/net/ethernet/qualcomm/emac/emac.o
  CC [M]  net/mac80211/airtime.o
  CC [M]  drivers/net/mdio/mdio-mux.o
  CC [M]  net/netfilter/xt_recent.o
  CC [M]  drivers/net/mdio/mdio-mux-mmioreg.o
  CC [M]  drivers/net/mdio/mdio-mux-multiplexer.o
  CC [M]  drivers/net/phy/phy.o
  CC [M]  drivers/net/ethernet/qualcomm/emac/emac-mac.o
  CC [M]  net/netfilter/xt_sctp.o
  CC [M]  net/mac80211/eht.o
  CC [M]  net/netfilter/xt_socket.o
  CC [M]  drivers/net/mdio/acpi_mdio.o
  CC [M]  drivers/net/dsa/bcm_sf2.o
  CC [M]  net/netfilter/xt_state.o
  CC [M]  drivers/net/phy/phy-c45.o
  CC [M]  net/netfilter/xt_statistic.o
  CC [M]  net/mac80211/led.o
  CC [M]  drivers/net/ethernet/qualcomm/emac/emac-phy.o
  CC [M]  net/mac80211/pm.o
  CC [M]  net/mac80211/rc80211_minstrel_ht.o
  CC [M]  drivers/net/dsa/bcm_sf2_cfp.o
  CC [M]  net/mac80211/wbrf.o
  CC [M]  net/netfilter/xt_string.o
  CC [M]  drivers/net/ethernet/qualcomm/emac/emac-sgmii.o
  CC [M]  drivers/net/ethernet/qualcomm/emac/emac-ethtool.o
  CC [M]  drivers/net/phy/phy-core.o
  CC [M]  drivers/net/phy/phy_device.o
  CC [M]  net/netfilter/xt_tcpmss.o
  CC [M]  drivers/net/ethernet/qualcomm/emac/emac-sgmii-fsm9900.o
  CC [M]  drivers/net/phy/linkmode.o
  CC [M]  drivers/net/phy/phy_link_topology.o
  LD [M]  net/mac80211/mac80211.o
  LD [M]  drivers/net/dsa/bcm-sf2.o
  CC [M]  drivers/net/ethernet/qualcomm/emac/emac-sgmii-qdf2432.o
  CC [M]  drivers/net/phy/phy_caps.o
  CC [M]  drivers/usb/storage/realtek_cr.o
  CC [M]  drivers/net/ethernet/qualcomm/emac/emac-sgmii-qdf2400.o
  CC [M]  net/netfilter/xt_time.o
  CC [M]  drivers/usb/gadget/legacy/ether.o
  CC [M]  drivers/usb/typec/hd3ss3220.o
  CC [M]  net/netfilter/xt_u32.o
  CC [M]  drivers/net/phy/mdio_bus_provider.o
  CC [M]  drivers/input/keyboard/adc-keys.o
  LD [M]  drivers/net/ethernet/qualcomm/emac/qcom-emac.o
  CC [M]  drivers/net/phy/swphy.o
  LD [M]  drivers/usb/storage/ums-realtek.o
  CC [M]  drivers/net/phy/mdio_devres.o
  LD [M]  drivers/usb/gadget/legacy/g_ether.o
  CC [M]  drivers/usb/typec/tcpm/tcpm.o
  CC [M]  drivers/usb/typec/tcpm/fusb302.o
  CC [M]  net/netfilter/ipvs/ip_vs_conn.o
  CC [M]  net/netfilter/ipvs/ip_vs_core.o
  CC [M]  drivers/input/mouse/elan_i2c_core.o
  CC [M]  drivers/input/mouse/elan_i2c_i2c.o
  CC [M]  drivers/net/phy/phy_package.o
  CC [M]  drivers/net/wireless/ath/main.o
  CC [M]  drivers/net/wireless/ath/regd.o
  LD [M]  drivers/input/mouse/elan_i2c.o
  CC [M]  drivers/net/wireless/broadcom/b43/main.o
  CC [M]  drivers/net/phy/ax88796b.o
  CC [M]  drivers/net/phy/bcm54140.o
  CC [M]  drivers/input/touchscreen/atmel_mxt_ts.o
  CC [M]  drivers/input/touchscreen/edt-ft5x06.o
  CC [M]  net/netfilter/ipvs/ip_vs_ctl.o
  CC [M]  drivers/net/wireless/ath/hw.o
  CC [M]  net/netfilter/ipvs/ip_vs_sched.o
  CC [M]  drivers/net/phy/bcm7xxx.o
  CC [M]  drivers/usb/typec/tcpm/tcpci.o
  CC [M]  net/netfilter/ipvs/ip_vs_xmit.o
  CC [M]  drivers/net/wireless/ath/key.o
  CC [M]  drivers/input/touchscreen/elants_i2c.o
  CC [M]  drivers/net/phy/bcm-phy-lib.o
  CC [M]  drivers/net/wireless/broadcom/b43legacy/main.o
  CC [M]  drivers/usb/typec/tipd/core.o
  CC [M]  drivers/net/wireless/broadcom/b43/bus.o
  CC [M]  drivers/net/wireless/broadcom/brcm80211/brcmutil/utils.o
  CC [M]  net/netfilter/ipvs/ip_vs_app.o
  CC [M]  drivers/net/wireless/ath/dfs_pattern_detector.o
  CC [M]  drivers/input/touchscreen/goodix.o
  CC [M]  drivers/net/phy/dp83867.o
  CC [M]  drivers/net/wireless/broadcom/b43/phy_g.o
  CC [M]  drivers/usb/typec/tipd/trace.o
  CC [M]  drivers/net/wireless/ath/dfs_pri_detector.o
  CC [M]  drivers/net/wireless/broadcom/brcm80211/brcmutil/d11.o
  CC [M]  drivers/input/touchscreen/goodix_fwupload.o
  CC [M]  drivers/net/wireless/broadcom/b43legacy/ilt.o
  CC [M]  net/netfilter/ipvs/ip_vs_sync.o
  CC [M]  drivers/net/phy/fixed_phy.o
  LD [M]  drivers/net/wireless/broadcom/brcm80211/brcmutil/brcmutil.o
  LD [M]  drivers/usb/typec/tipd/tps6598x.o
  CC [M]  drivers/usb/cdns3/core.o
  LD [M]  drivers/input/touchscreen/goodix_ts.o
  CC [M]  drivers/net/wireless/broadcom/brcm80211/brcmfmac/cfg80211.o
  CC [M]  drivers/input/misc/pm8xxx-vibrator.o
  CC [M]  drivers/net/wireless/ath/ath9k/beacon.o
  CC [M]  drivers/net/wireless/broadcom/b43legacy/phy.o
  CC [M]  drivers/net/wireless/broadcom/b43/tables.o
  CC [M]  drivers/net/phy/marvell10g.o
  CC [M]  drivers/input/misc/pwm-beeper.o
  CC [M]  drivers/usb/cdns3/drd.o
  CC [M]  net/netfilter/ipvs/ip_vs_est.o
  CC [M]  drivers/net/wireless/broadcom/b43/lo.o
  CC [M]  drivers/net/wireless/ath/ath9k/gpio.o
  CC [M]  drivers/input/misc/pwm-vibra.o
  CC [M]  drivers/net/phy/marvell.o
  CC [M]  drivers/usb/cdns3/host.o
  CC [M]  drivers/net/wireless/broadcom/b43legacy/radio.o
  CC [M]  net/netfilter/ipvs/ip_vs_proto.o
  CC [M]  drivers/input/misc/uinput.o
  CC [M]  drivers/net/wireless/ath/ath9k/init.o
  CC [M]  drivers/net/wireless/broadcom/b43/wa.o
  CC [M]  drivers/usb/cdns3/cdns3-plat.o
  CC [M]  drivers/input/rmi4/rmi_bus.o
  CC [M]  drivers/net/wireless/broadcom/brcm80211/brcmfmac/chip.o
  CC [M]  drivers/net/phy/micrel.o
  CC [M]  net/netfilter/ipvs/ip_vs_pe.o
  CC [M]  drivers/net/wireless/broadcom/b43legacy/sysfs.o
  CC [M]  drivers/net/wireless/ath/ath9k/main.o
  CC [M]  drivers/usb/cdns3/cdns3-gadget.o
  CC [M]  drivers/net/wireless/broadcom/b43/tables_nphy.o
  CC [M]  drivers/input/rmi4/rmi_driver.o
  CC [M]  net/netfilter/ipvs/ip_vs_proto_tcp.o
  CC [M]  drivers/net/wireless/broadcom/brcm80211/brcmfmac/fwil.o
  CC [M]  drivers/net/wireless/broadcom/b43legacy/xmit.o
  CC [M]  drivers/net/wireless/broadcom/b43/radio_2055.o
  CC [M]  drivers/input/rmi4/rmi_f01.o
  CC [M]  drivers/net/wireless/ath/ath9k/recv.o
  CC [M]  drivers/net/wireless/broadcom/brcm80211/brcmfmac/fweh.o
  CC [M]  drivers/usb/cdns3/cdns3-ep0.o
  CC [M]  drivers/net/wireless/broadcom/b43legacy/rfkill.o
  CC [M]  drivers/net/wireless/broadcom/b43/radio_2056.o
  CC [M]  drivers/net/phy/microchip.o
  CC [M]  drivers/input/rmi4/rmi_2d_sensor.o
  CC [M]  net/netfilter/ipvs/ip_vs_proto_udp.o
  CC [M]  drivers/net/wireless/ath/ath9k/xmit.o
  CC [M]  drivers/net/wireless/broadcom/b43legacy/leds.o
  CC [M]  drivers/input/rmi4/rmi_f03.o
  CC [M]  drivers/usb/cdns3/cdns3-trace.o
  CC [M]  drivers/net/phy/rockchip.o
  CC [M]  drivers/net/wireless/broadcom/brcm80211/brcmfmac/p2p.o
  CC [M]  net/netfilter/ipvs/ip_vs_nfct.o
  CC [M]  drivers/input/rmi4/rmi_f11.o
  CC [M]  drivers/net/wireless/broadcom/b43/radio_2057.o
  CC [M]  drivers/net/wireless/broadcom/b43legacy/debugfs.o
  CC [M]  drivers/net/phy/smsc.o
  CC [M]  drivers/input/rmi4/rmi_f12.o
  CC [M]  net/netfilter/ipvs/ip_vs_rr.o
  CC [M]  drivers/net/wireless/broadcom/b43/phy_common.o
  LD [M]  drivers/usb/cdns3/cdns-usb-common.o
  LD [M]  drivers/usb/cdns3/cdns3.o
  CC [M]  drivers/usb/class/cdc-acm.o
  CC [M]  drivers/net/wireless/broadcom/brcm80211/brcmfmac/proto.o
  CC [M]  drivers/net/wireless/ath/ath9k/link.o
  CC [M]  drivers/net/phy/vitesse.o
  CC [M]  drivers/net/wireless/broadcom/b43legacy/dma.o
  CC [M]  drivers/input/rmi4/rmi_f30.o
  CC [M]  drivers/net/wireless/broadcom/brcm80211/brcmfmac/common.o
  LD [M]  net/netfilter/ipvs/ip_vs.o
  LD [M]  net/netfilter/nf_conntrack.o
  LD [M]  net/netfilter/nf_conntrack_h323.o
  LD [M]  net/netfilter/nf_nat.o
  CC [M]  drivers/net/wireless/broadcom/b43/phy_n.o
  LD [M]  net/netfilter/nf_tables.o
  LD [M]  net/netfilter/nf_flow_table.o
  CC [M]  drivers/input/rmi4/rmi_f3a.o
  CC [M]  drivers/net/phy/mscc/mscc_main.o
  CC [M]  drivers/net/phy/aquantia/aquantia_main.o
  CC [M]  drivers/net/wireless/ath/ath9k/antenna.o
  CC [M]  drivers/usb/serial/usb-serial.o
  CC [M]  drivers/net/wireless/broadcom/b43legacy/pio.o
  LD [M]  drivers/input/rmi4/rmi_core.o
  CC [M]  drivers/usb/serial/generic.o
  CC [M]  drivers/net/wireless/broadcom/brcm80211/brcmfmac/core.o
  CC [M]  drivers/net/wireless/ath/ath9k/channel.o
  CC [M]  drivers/net/phy/aquantia/aquantia_firmware.o
  CC [M]  drivers/net/wireless/ath/ath9k/mci.o
  LD [M]  drivers/net/wireless/broadcom/b43legacy/b43legacy.o
  CC [M]  drivers/usb/serial/bus.o
  CC [M]  drivers/net/phy/mscc/mscc_serdes.o
  CC [M]  drivers/net/wireless/ath/carl9170/main.o
  CC [M]  drivers/net/phy/aquantia/aquantia_leds.o
  CC [M]  drivers/usb/serial/ch341.o
  CC [M]  drivers/net/phy/aquantia/aquantia_hwmon.o
  CC [M]  drivers/net/wireless/broadcom/brcm80211/brcmfmac/firmware.o
  LD [M]  drivers/net/phy/mscc/mscc.o
  CC [M]  drivers/usb/serial/cp210x.o
  CC [M]  drivers/net/wireless/ath/ath9k/ar9002_hw.o
  CC [M]  drivers/net/wireless/ath/ath6kl/debug.o
  CC [M]  drivers/net/wireless/broadcom/b43/phy_lp.o
  CC [M]  drivers/net/wireless/ath/carl9170/usb.o
  LD [M]  drivers/net/phy/aquantia/aquantia.o
  CC [M]  drivers/net/phy/realtek/realtek_main.o
  CC [M]  drivers/net/wireless/ath/ar5523/ar5523.o
  CC [M]  drivers/net/wireless/broadcom/brcm80211/brcmfmac/fwvid.o
  CC [M]  drivers/usb/serial/ftdi_sio.o
  CC [M]  drivers/net/wireless/ath/ath9k/ar9003_hw.o
  CC [M]  drivers/net/wireless/ath/ath6kl/hif.o
  CC [M]  drivers/net/wireless/ath/carl9170/cmd.o
  CC [M]  drivers/net/wireless/broadcom/brcm80211/brcmfmac/feature.o
  LD [M]  drivers/net/phy/realtek/realtek.o
  LD [M]  drivers/net/phy/mdio-bus.o
  LD [M]  drivers/net/phy/libphy.o
  CC [M]  drivers/net/wireless/broadcom/brcm80211/brcmfmac/btcoex.o
  CC [M]  drivers/net/wireless/broadcom/b43/tables_lpphy.o
  CC [M]  drivers/usb/serial/option.o
  CC [M]  drivers/net/usb/pegasus.o
  CC [M]  drivers/net/wireless/ath/ath6kl/htc_mbox.o
  CC [M]  drivers/net/wireless/ath/ath9k/hw.o
  CC [M]  drivers/net/wireless/ath/carl9170/mac.o
  CC [M]  drivers/usb/serial/pl2303.o
  CC [M]  drivers/usb/serial/usb_wwan.o
  CC [M]  drivers/net/wireless/broadcom/brcm80211/brcmfmac/vendor.o
  CC [M]  drivers/net/wireless/broadcom/b43/phy_ht.o
  CC [M]  drivers/net/usb/rtl8150.o
  CC [M]  drivers/net/usb/r8152.o
  CC [M]  drivers/net/wireless/ath/carl9170/phy.o
  LD [M]  drivers/usb/serial/usbserial.o
  CC [M]  drivers/net/wireless/broadcom/brcm80211/brcmfmac/pno.o
  CC [M]  drivers/net/wireless/broadcom/b43/tables_phy_ht.o
  CC [M]  drivers/net/wireless/ath/ath6kl/htc_pipe.o
  CC [M]  drivers/net/wireless/ath/ath6kl/bmi.o
  CC [M]  drivers/net/wireless/ath/ath9k/ar9003_phy.o
  CC [M]  drivers/net/wireless/ath/ath9k/ar9002_phy.o
  CC [M]  drivers/net/wireless/ath/carl9170/led.o
  CC [M]  drivers/net/wireless/broadcom/brcm80211/brcmfmac/bcdc.o
  CC [M]  drivers/net/wireless/ath/ath9k/ar5008_phy.o
  CC [M]  drivers/net/wireless/broadcom/b43/radio_2059.o
  CC [M]  drivers/net/wireless/ath/ath6kl/cfg80211.o
  CC [M]  drivers/net/wireless/broadcom/b43/sysfs.o
  CC [M]  drivers/net/wireless/ath/ath10k/mac.o
  CC [M]  drivers/net/wireless/broadcom/brcm80211/brcmfmac/fwsignal.o
  CC [M]  drivers/net/wireless/ath/ath10k/debug.o
  CC [M]  drivers/net/wireless/ath/carl9170/fw.o
  CC [M]  drivers/net/wireless/ath/ath9k/ar9002_calib.o
  CC [M]  drivers/net/wireless/broadcom/b43/xmit.o
  CC [M]  drivers/net/wireless/ath/carl9170/tx.o
  CC [M]  drivers/net/wireless/ath/ath10k/core.o
  CC [M]  drivers/net/wireless/ath/ath9k/ar9003_calib.o
  CC [M]  drivers/net/wireless/ath/ath6kl/init.o
  CC [M]  drivers/net/wireless/broadcom/brcm80211/brcmfmac/sdio.o
  CC [M]  drivers/net/usb/lan78xx.o
  CC [M]  drivers/net/wireless/broadcom/b43/dma.o
  CC [M]  drivers/net/wireless/ath/carl9170/rx.o
  CC [M]  drivers/net/wireless/ath/ath6kl/main.o
  CC [M]  drivers/net/wireless/ath/ath9k/calib.o
  CC [M]  drivers/net/wireless/broadcom/b43/pio.o
  CC [M]  drivers/net/wireless/broadcom/brcm80211/brcmfmac/bcmsdh.o
  CC [M]  drivers/rtc/rtc-ds1307.o
  LD [M]  drivers/net/wireless/ath/carl9170/carl9170.o
  CC [M]  drivers/rtc/rtc-hym8563.o
  CC [M]  drivers/net/wireless/ath/ath10k/htc.o
  CC [M]  drivers/net/wireless/ath/ath9k/eeprom.o
  CC [M]  drivers/net/wireless/broadcom/b43/rfkill.o
  CC [M]  drivers/net/wireless/ath/ath6kl/txrx.o
  CC [M]  drivers/net/usb/asix_devices.o
  CC [M]  drivers/net/wireless/ath/ath9k/eeprom_def.o
  CC [M]  drivers/net/wireless/broadcom/brcm80211/brcmfmac/usb.o
  CC [M]  drivers/rtc/rtc-m41t80.o
  CC [M]  drivers/net/wireless/broadcom/b43/ppr.o
  CC [M]  drivers/net/wireless/broadcom/brcm80211/brcmfmac/of.o
  CC [M]  drivers/net/wireless/ath/ath10k/htt.o
  CC [M]  drivers/net/usb/asix_common.o
  CC [M]  drivers/net/wireless/ath/ath6kl/wmi.o
  CC [M]  drivers/rtc/rtc-mt6397.o
  CC [M]  drivers/net/wireless/ath/ath6kl/core.o
  CC [M]  drivers/net/wireless/broadcom/brcm80211/brcmfmac/dmi.o
  CC [M]  drivers/net/wireless/broadcom/b43/leds.o
  CC [M]  drivers/net/wireless/ath/ath9k/eeprom_4k.o
  CC [M]  drivers/net/wireless/ath/ath10k/htt_rx.o
  CC [M]  drivers/rtc/rtc-pcf2127.o
  CC [M]  drivers/net/usb/ax88172a.o
  CC [M]  drivers/net/wireless/broadcom/brcm80211/brcmfmac/acpi.o
  CC [M]  drivers/rtc/rtc-pcf85063.o
  CC [M]  drivers/net/wireless/broadcom/b43/sdio.o
  CC [M]  drivers/net/wireless/ath/ath9k/eeprom_9287.o
  CC [M]  drivers/net/wireless/ath/ath6kl/recovery.o
  CC [M]  drivers/net/wireless/broadcom/brcm80211/brcmfmac/wcc/core.o
  CC [M]  drivers/net/usb/ax88179_178a.o
  CC [M]  drivers/net/usb/cdc_ether.o
  CC [M]  drivers/rtc/rtc-pcf85363.o
  LD [M]  drivers/net/wireless/broadcom/b43/b43.o
  CC [M]  drivers/net/usb/dm9601.o
  CC [M]  drivers/net/wireless/ath/ath10k/htt_tx.o
  CC [M]  drivers/net/wireless/ath/ath6kl/sdio.o
  CC [M]  drivers/net/wireless/broadcom/brcm80211/brcmfmac/wcc/module.o
  CC [M]  drivers/net/wireless/ath/ath9k/ani.o
  CC [M]  drivers/net/wireless/ath/ath9k/mac.o
  CC [M]  drivers/rtc/rtc-pm8xxx.o
  CC [M]  drivers/net/wireless/ath/wcn36xx/main.o
  CC [M]  drivers/net/usb/sr9800.o
  LD [M]  drivers/net/wireless/broadcom/brcm80211/brcmfmac/wcc/brcmfmac-wcc.o
  CC [M]  drivers/net/wireless/broadcom/brcm80211/brcmfmac/cyw/core.o
  CC [M]  drivers/net/wireless/ath/ath6kl/usb.o
  CC [M]  drivers/net/usb/smsc75xx.o
  CC [M]  drivers/net/wireless/ath/ath10k/txrx.o
  CC [M]  drivers/rtc/rtc-rv3028.o
  CC [M]  drivers/net/wireless/ath/ath9k/ar9002_mac.o
  CC [M]  drivers/net/wireless/ath/wcn36xx/dxe.o
  CC [M]  drivers/net/wireless/broadcom/brcm80211/brcmfmac/cyw/module.o
  CC [M]  drivers/net/wireless/ath/ath11k/core.o
  LD [M]  drivers/net/wireless/ath/ath6kl/ath6kl_core.o
  CC [M]  drivers/net/wireless/ath/ath10k/wmi.o
  LD [M]  drivers/net/wireless/ath/ath6kl/ath6kl_sdio.o
  LD [M]  drivers/net/wireless/ath/ath6kl/ath6kl_usb.o
  CC [M]  drivers/net/usb/smsc95xx.o
  CC [M]  drivers/rtc/rtc-rv8803.o
  CC [M]  drivers/net/wireless/ath/ath9k/ar9003_mac.o
  LD [M]  drivers/net/wireless/ath/ath.o
  CC [M]  drivers/net/wireless/ath/ath11k/hal.o
  LD [M]  drivers/net/wireless/broadcom/brcm80211/brcmfmac/cyw/brcmfmac-cyw.o
  CC [M]  drivers/net/wireless/broadcom/brcm80211/brcmfmac/bca/core.o
  CC [M]  drivers/net/wireless/ath/wcn36xx/txrx.o
  CC [M]  drivers/rtc/rtc-rx8581.o
  CC [M]  drivers/net/usb/net1080.o
  CC [M]  drivers/net/wireless/ath/ath9k/ar9003_eeprom.o
  CC [M]  drivers/net/wireless/ath/wcn36xx/smd.o
  CC [M]  drivers/net/wireless/broadcom/brcm80211/brcmfmac/bca/module.o
  CC [M]  drivers/net/wireless/ath/ath9k/ar9003_paprd.o
  CC [M]  drivers/net/wireless/ath/ath11k/hal_tx.o
  CC [M]  drivers/net/wireless/ath/ath11k/hal_rx.o
  LD [M]  drivers/net/wireless/broadcom/brcm80211/brcmfmac/bca/brcmfmac-bca.o
  LD [M]  drivers/net/wireless/broadcom/brcm80211/brcmfmac/brcmfmac.o
  CC [M]  drivers/net/usb/plusb.o
  CC [M]  drivers/net/wireless/broadcom/brcm80211/brcmsmac/mac80211_if.o
  CC [M]  drivers/net/wireless/ath/ath9k/btcoex.o
  CC [M]  drivers/net/wireless/broadcom/brcm80211/brcmsmac/ampdu.o
  CC [M]  drivers/net/wireless/ath/wcn36xx/pmc.o
  CC [M]  drivers/net/wireless/ath/wcn36xx/debug.o
  CC [M]  drivers/net/usb/rndis_host.o
  CC [M]  drivers/net/wireless/ath/ath11k/wmi.o
  CC [M]  drivers/net/wireless/ath/ath10k/wmi-tlv.o
  CC [M]  drivers/net/wireless/ath/ath11k/mac.o
  CC [M]  drivers/net/wireless/ath/wcn36xx/firmware.o
  CC [M]  drivers/net/wireless/broadcom/brcm80211/brcmsmac/antsel.o
  CC [M]  drivers/net/wireless/ath/ath9k/ar9003_mci.o
  CC [M]  drivers/net/usb/cdc_subset.o
  CC [M]  drivers/net/wireless/ath/ath9k/ar9003_aic.o
  LD [M]  drivers/net/wireless/ath/wcn36xx/wcn36xx.o
  CC [M]  drivers/net/wireless/ath/ath9k/ar9003_rtt.o
  CC [M]  drivers/net/usb/zaurus.o
  CC [M]  drivers/net/wireless/broadcom/brcm80211/brcmsmac/channel.o
  CC [M]  drivers/net/dummy.o
  CC [M]  drivers/i2c/algos/i2c-algo-bit.o
  CC [M]  drivers/net/wireless/ath/ath10k/bmi.o
  CC [M]  drivers/net/usb/mcs7830.o
  CC [M]  drivers/net/wireless/ath/ath9k/common.o
  CC [M]  drivers/net/wireless/broadcom/brcm80211/brcmsmac/main.o
  CC [M]  drivers/net/wireless/broadcom/brcm80211/brcmsmac/phy_shim.o
  CC [M]  drivers/i2c/busses/i2c-cadence.o
  CC [M]  drivers/net/usb/usbnet.o
  CC [M]  drivers/net/wireless/ath/ath10k/hw.o
  CC [M]  drivers/net/wireless/ath/ath9k/common-init.o
  CC [M]  drivers/net/wireless/ath/ath10k/p2p.o
  CC [M]  drivers/net/wireless/ath/ath10k/swap.o
  CC [M]  drivers/i2c/busses/i2c-gpio.o
  CC [M]  drivers/net/wireless/ath/ath11k/reg.o
  CC [M]  drivers/net/wireless/ath/ath9k/common-beacon.o
  CC [M]  drivers/i2c/busses/i2c-qcom-cci.o
  CC [M]  drivers/net/macvlan.o
  CC [M]  drivers/net/usb/cdc_ncm.o
  CC [M]  drivers/net/macvtap.o
  CC [M]  drivers/net/wireless/ath/ath10k/thermal.o
  CC [M]  drivers/net/wireless/ath/ath11k/htc.o
  CC [M]  drivers/net/wireless/ath/ath9k/htc_hst.o
  CC [M]  drivers/net/wireless/ath/ath11k/qmi.o
  CC [M]  drivers/net/wireless/ath/ath10k/leds.o
  CC [M]  drivers/net/wireless/ath/ath10k/wow.o
  CC [M]  drivers/net/wireless/broadcom/brcm80211/brcmsmac/pmu.o
  CC [M]  drivers/net/usb/r8153_ecm.o
  CC [M]  drivers/net/wireless/ath/ath11k/dp.o
  CC [M]  drivers/net/wireless/ath/ath9k/hif_usb.o
  CC [M]  drivers/net/wireless/ath/ath9k/wmi.o
  CC [M]  drivers/net/wireless/ath/ath9k/htc_drv_txrx.o
  CC [M]  drivers/net/wireless/ath/ath11k/dp_tx.o
  CC [M]  drivers/net/wireless/broadcom/brcm80211/brcmsmac/rate.o
  CC [M]  drivers/net/wireless/ath/ath10k/coredump.o
  LD [M]  drivers/net/usb/asix.o
  CC [M]  drivers/net/wireless/ath/ath10k/ce.o
  CC [M]  drivers/net/mii.o
  CC [M]  drivers/net/wireless/broadcom/brcm80211/brcmsmac/stf.o
  CC [M]  drivers/net/wireless/broadcom/brcm80211/brcmsmac/aiutils.o
  CC [M]  drivers/net/wireless/broadcom/brcm80211/brcmsmac/phy/phy_cmn.o
  CC [M]  drivers/net/wireless/ath/ath9k/htc_drv_main.o
  CC [M]  drivers/net/wireless/broadcom/brcm80211/brcmsmac/phy/phy_lcn.o
  CC [M]  drivers/net/wireless/ath/ath11k/dp_rx.o
  CC [M]  drivers/net/wireless/ath/ath11k/debug.o
  CC [M]  drivers/net/wireless/ath/ath11k/ce.o
  CC [M]  drivers/net/wireless/ath/ath10k/usb.o
  CC [M]  drivers/net/wireless/broadcom/brcm80211/brcmsmac/phy/phy_n.o
  CC [M]  drivers/media/i2c/imx219.o
  CC [M]  drivers/net/wireless/ath/ath9k/htc_drv_beacon.o
  CC [M]  drivers/net/wireless/ath/ath9k/htc_drv_init.o
  CC [M]  drivers/net/wireless/ath/ath9k/htc_drv_gpio.o
  CC [M]  drivers/net/wireless/ath/ath10k/qmi.o
  CC [M]  drivers/media/i2c/ir-kbd-i2c.o
  CC [M]  drivers/net/wireless/broadcom/brcm80211/brcmsmac/phy/phytbl_lcn.o
  CC [M]  drivers/net/wireless/ath/ath10k/snoc.o
  CC [M]  drivers/media/i2c/ov5640.o
  LD [M]  drivers/net/wireless/ath/ath9k/ath9k.o
  LD [M]  drivers/net/wireless/ath/ath9k/ath9k_hw.o
  LD [M]  drivers/net/wireless/ath/ath9k/ath9k_common.o
  LD [M]  drivers/net/wireless/ath/ath9k/ath9k_htc.o
  CC [M]  drivers/media/i2c/ov5645.o
  CC [M]  drivers/net/wireless/ath/ath11k/peer.o
  CC [M]  drivers/net/wireless/ath/ath11k/dbring.o
  CC [M]  drivers/media/tuners/mc44s803.o
  CC [M]  drivers/media/tuners/mt20xx.o
  CC [M]  drivers/net/wireless/broadcom/brcm80211/brcmsmac/phy/phytbl_n.o
  LD [M]  drivers/net/wireless/ath/ath10k/ath10k_core.o
  LD [M]  drivers/net/wireless/ath/ath10k/ath10k_usb.o
  LD [M]  drivers/net/wireless/ath/ath10k/ath10k_snoc.o
  CC [M]  drivers/media/tuners/tuner-simple.o
  CC [M]  drivers/media/tuners/tuner-types.o
  CC [M]  drivers/net/wireless/ath/ath11k/hw.o
  CC [M]  drivers/net/wireless/ath/ath11k/pcic.o
  CC [M]  drivers/media/tuners/tda18271-maps.o
  CC [M]  drivers/media/rc/keymaps/rc-adstech-dvb-t-pci.o
  CC [M]  drivers/media/rc/keymaps/rc-alink-dtu-m.o
  CC [M]  drivers/net/wireless/ath/ath11k/fw.o
  CC [M]  drivers/media/rc/keymaps/rc-anysee.o
  CC [M]  drivers/media/rc/keymaps/rc-apac-viewcomp.o
  CC [M]  drivers/net/wireless/marvell/libertas/cfg.o
  CC [M]  drivers/net/wireless/ath/ath11k/p2p.o
  CC [M]  drivers/media/tuners/tda18271-common.o
  CC [M]  drivers/net/wireless/broadcom/brcm80211/brcmsmac/dma.o
  CC [M]  drivers/net/wireless/marvell/libertas_tf/main.o
  CC [M]  drivers/net/wireless/marvell/libertas_tf/cmd.o
  CC [M]  drivers/media/rc/keymaps/rc-astrometa-t2hybrid.o
  CC [M]  drivers/media/rc/keymaps/rc-asus-pc39.o
  CC [M]  drivers/media/common/videobuf2/videobuf2-core.o
  CC [M]  drivers/net/wireless/ath/ath11k/thermal.o
  CC [M]  drivers/media/rc/keymaps/rc-asus-ps3-100.o
  CC [M]  drivers/media/tuners/tda18271-fe.o
  CC [M]  drivers/net/wireless/marvell/libertas/cmd.o
  CC [M]  drivers/net/wireless/broadcom/brcm80211/brcmsmac/brcms_trace_events.o
  CC [M]  drivers/net/wireless/marvell/libertas_tf/if_usb.o
  CC [M]  drivers/media/common/videobuf2/frame_vector.o
  CC [M]  drivers/media/rc/keymaps/rc-ati-tv-wonder-hd-600.o
  CC [M]  drivers/net/wireless/broadcom/brcm80211/brcmsmac/debug.o
  CC [M]  drivers/net/wireless/ath/ath11k/wow.o
  CC [M]  drivers/media/rc/keymaps/rc-ati-x10.o
  CC [M]  drivers/media/tuners/tda827x.o
  LD [M]  drivers/net/wireless/marvell/libertas_tf/libertas_tf.o
  LD [M]  drivers/net/wireless/marvell/libertas_tf/libertas_tf_usb.o
  CC [M]  drivers/media/platform/qcom/camss/camss.o
  CC [M]  drivers/media/common/videobuf2/vb2-trace.o
  CC [M]  drivers/media/rc/keymaps/rc-avermedia-a16d.o
  CC [M]  drivers/media/rc/keymaps/rc-avermedia-cardbus.o
  CC [M]  drivers/net/wireless/marvell/libertas/cmdresp.o
  LD [M]  drivers/net/wireless/broadcom/brcm80211/brcmsmac/brcmsmac.o
  CC [M]  drivers/media/tuners/tda8290.o
  CC [M]  drivers/media/rc/keymaps/rc-avermedia-dvbt.o
  CC [M]  drivers/media/common/videobuf2/videobuf2-dma-contig.o
  CC [M]  drivers/media/usb/uvc/uvc_driver.o
  CC [M]  drivers/power/reset/qcom-pon.o
  CC [M]  drivers/net/wireless/ath/ath11k/coredump.o
  CC [M]  drivers/media/rc/keymaps/rc-avermedia-m135a.o
  CC [M]  drivers/media/platform/qcom/camss/camss-csid.o
  CC [M]  drivers/net/wireless/marvell/libertas/debugfs.o
  CC [M]  drivers/media/tuners/tda9887.o
  CC [M]  drivers/media/common/videobuf2/videobuf2-dma-sg.o
  CC [M]  drivers/media/rc/keymaps/rc-avermedia-m733a-rm-k6.o
  CC [M]  drivers/power/supply/sbs-battery.o
  CC [M]  drivers/net/wireless/ath/ath11k/ahb.o
  CC [M]  drivers/media/rc/keymaps/rc-avermedia.o
  CC [M]  drivers/media/platform/qcom/camss/camss-csid-4-1.o
  CC [M]  drivers/net/wireless/marvell/libertas/ethtool.o
  CC [M]  drivers/media/common/videobuf2/videobuf2-memops.o
  CC [M]  drivers/media/usb/uvc/uvc_queue.o
  CC [M]  drivers/media/tuners/xc2028.o
  CC [M]  drivers/media/rc/keymaps/rc-avermedia-rm-ks.o
  CC [M]  drivers/power/supply/max17042_battery.o
  CC [M]  drivers/media/platform/qcom/camss/camss-csid-4-7.o
  CC [M]  drivers/media/common/videobuf2/videobuf2-v4l2.o
  CC [M]  drivers/net/wireless/marvell/libertas/main.o
  CC [M]  drivers/media/rc/keymaps/rc-avertv-303.o
  LD [M]  drivers/net/wireless/ath/ath11k/ath11k.o
  LD [M]  drivers/net/wireless/ath/ath11k/ath11k_ahb.o
  CC [M]  drivers/media/common/videobuf2/videobuf2-vmalloc.o
  CC [M]  drivers/media/usb/uvc/uvc_v4l2.o
  CC [M]  drivers/media/rc/keymaps/rc-azurewave-ad-tu700.o
  CC [M]  drivers/power/supply/mt6360_charger.o
  CC [M]  drivers/media/platform/qcom/camss/camss-csid-340.o
  CC [M]  drivers/media/tuners/xc4000.o
  CC [M]  drivers/media/rc/keymaps/rc-beelink-gs1.o
  CC [M]  drivers/media/rc/keymaps/rc-beelink-mxiii.o
  CC [M]  drivers/net/wireless/marvell/libertas/rx.o
  LD [M]  drivers/media/common/videobuf2/videobuf2-common.o
  CC [M]  drivers/net/wireless/marvell/libertas/tx.o
  CC [M]  drivers/media/tuners/xc5000.o
  CC [M]  drivers/media/rc/keymaps/rc-behold-columbus.o
  CC [M]  drivers/media/usb/uvc/uvc_video.o
  CC [M]  drivers/power/supply/bq25890_charger.o
  CC [M]  drivers/media/platform/qcom/camss/camss-csid-680.o
  CC [M]  drivers/media/rc/keymaps/rc-behold.o
  CC [M]  drivers/media/rc/keymaps/rc-budget-ci-old.o
  CC [M]  drivers/net/wireless/marvell/libertas/firmware.o
  CC [M]  drivers/hwmon/gpio-fan.o
  CC [M]  drivers/media/platform/qcom/camss/camss-csid-gen2.o
  CC [M]  drivers/media/rc/keymaps/rc-cinergy-1400.o
  CC [M]  drivers/thermal/qcom/tsens.o
  LD [M]  drivers/media/tuners/tda18271.o
  CC [M]  drivers/watchdog/pm8916_wdt.o
  CC [M]  drivers/power/supply/bq25980_charger.o
  CC [M]  drivers/media/usb/uvc/uvc_ctrl.o
  CC [M]  drivers/media/rc/keymaps/rc-cinergy.o
  CC [M]  drivers/net/wireless/marvell/libertas/if_usb.o
  CC [M]  drivers/hwmon/ina2xx.o
  CC [M]  drivers/power/supply/cros_usbpd-charger.o
  CC [M]  drivers/media/platform/qcom/camss/camss-csid-gen3.o
  CC [M]  drivers/media/rc/keymaps/rc-ct-90405.o
  CC [M]  drivers/media/platform/qcom/camss/camss-csiphy-2ph-1-0.o
  CC [M]  drivers/thermal/qcom/tsens-v2.o
  CC [M]  drivers/thermal/qcom/tsens-v1.o
  CC [M]  drivers/media/rc/keymaps/rc-d680-dmb.o
  CC [M]  drivers/hwmon/ina3221.o
  CC [M]  drivers/net/wireless/marvell/libertas/if_sdio.o
  CC [M]  drivers/hwmon/jc42.o
  CC [M]  drivers/hwmon/lm75.o
  CC [M]  drivers/media/platform/qcom/camss/camss-csiphy-3ph-1-0.o
  CC [M]  drivers/media/rc/keymaps/rc-delock-61959.o
  CC [M]  drivers/media/usb/uvc/uvc_status.o
  CC [M]  drivers/thermal/qcom/tsens-v0_1.o
  CC [M]  drivers/media/rc/keymaps/rc-dib0700-nec.o
  CC [M]  drivers/media/rc/keymaps/rc-dib0700-rc5.o
  CC [M]  drivers/thermal/qcom/tsens-8960.o
  CC [M]  drivers/net/wireless/mediatek/mt7601u/usb.o
  CC [M]  drivers/hwmon/lm90.o
  CC [M]  drivers/media/platform/qcom/camss/camss-csiphy.o
  CC [M]  drivers/net/wireless/marvell/libertas/if_spi.o
  CC [M]  drivers/net/wireless/mediatek/mt7601u/init.o
  CC [M]  drivers/media/usb/uvc/uvc_isight.o
  CC [M]  drivers/media/rc/keymaps/rc-digitalnow-tinytwin.o
  CC [M]  drivers/thermal/qcom/qcom-spmi-adc-tm5.o
  CC [M]  drivers/media/rc/keymaps/rc-digittrade.o
  CC [M]  drivers/media/usb/uvc/uvc_debugfs.o
  CC [M]  drivers/thermal/qcom/qcom-spmi-temp-alarm.o
  CC [M]  drivers/media/platform/qcom/camss/camss-ispif.o
  CC [M]  drivers/media/rc/keymaps/rc-dm1105-nec.o
  LD [M]  drivers/net/wireless/marvell/libertas/libertas.o
  LD [M]  drivers/net/wireless/marvell/libertas/usb8xxx.o
  LD [M]  drivers/net/wireless/marvell/libertas/libertas_sdio.o
  CC [M]  drivers/net/wireless/mediatek/mt7601u/main.o
  LD [M]  drivers/net/wireless/marvell/libertas/libertas_spi.o
  CC [M]  drivers/hwmon/pwm-fan.o
  CC [M]  drivers/net/wireless/marvell/mwifiex/main.o
  CC [M]  drivers/net/wireless/mediatek/mt7601u/mcu.o
  CC [M]  drivers/media/rc/keymaps/rc-dntv-live-dvb-t.o
  CC [M]  drivers/thermal/qcom/lmh.o
  CC [M]  drivers/media/usb/uvc/uvc_metadata.o
  CC [M]  drivers/media/platform/qcom/camss/camss-vfe-4-1.o
  CC [M]  drivers/media/rc/keymaps/rc-dntv-live-dvbt-pro.o
  CC [M]  drivers/media/platform/qcom/venus/core.o
  CC [M]  drivers/net/wireless/microchip/wilc1000/cfg80211.o
  CC [M]  drivers/net/wireless/mediatek/mt7601u/trace.o
  LD [M]  drivers/thermal/qcom/qcom_tsens.o
  CC [M]  drivers/net/wireless/purelifi/plfxlc/chip.o
  CC [M]  drivers/media/rc/keymaps/rc-dreambox.o
  CC [M]  drivers/media/usb/uvc/uvc_entity.o
  CC [M]  drivers/net/wireless/marvell/mwifiex/init.o
  CC [M]  drivers/media/rc/keymaps/rc-dtt200u.o
  CC [M]  drivers/media/platform/qcom/camss/camss-vfe-4-7.o
  CC [M]  drivers/media/platform/qcom/venus/helpers.o
  CC [M]  drivers/net/wireless/purelifi/plfxlc/firmware.o
  CC [M]  drivers/media/rc/keymaps/rc-dvbsky.o
  LD [M]  drivers/media/usb/uvc/uvcvideo.o
  CC [M]  drivers/net/wireless/purelifi/plfxlc/usb.o
  CC [M]  drivers/net/wireless/microchip/wilc1000/netdev.o
  CC [M]  drivers/net/wireless/mediatek/mt7601u/dma.o
  CC [M]  drivers/media/platform/qcom/camss/camss-vfe-4-8.o
  CC [M]  drivers/media/rc/keymaps/rc-dvico-mce.o
  CC [M]  drivers/net/wireless/marvell/mwifiex/cfp.o
  CC [M]  drivers/media/rc/keymaps/rc-dvico-portable.o
  CC [M]  drivers/media/rc/keymaps/rc-em-terratec.o
  CC [M]  drivers/media/platform/qcom/venus/firmware.o
  CC [M]  drivers/net/wireless/purelifi/plfxlc/mac.o
  CC [M]  drivers/media/rc/keymaps/rc-encore-enltv2.o
  CC [M]  drivers/net/wireless/microchip/wilc1000/mon.o
  CC [M]  drivers/media/rc/keymaps/rc-encore-enltv-fm53.o
  CC [M]  drivers/media/platform/qcom/camss/camss-vfe-17x.o
  CC [M]  drivers/net/wireless/mediatek/mt7601u/core.o
  CC [M]  drivers/net/wireless/marvell/mwifiex/cmdevt.o
  CC [M]  drivers/net/wireless/mediatek/mt7601u/eeprom.o
  CC [M]  drivers/media/rc/keymaps/rc-encore-enltv.o
  CC [M]  drivers/media/platform/qcom/venus/hfi_venus.o
  CC [M]  drivers/media/rc/keymaps/rc-evga-indtube.o
  LD [M]  drivers/net/wireless/purelifi/plfxlc/plfxlc.o
  CC [M]  drivers/net/wireless/microchip/wilc1000/hif.o
  CC [M]  drivers/media/platform/qcom/camss/camss-vfe-340.o
  CC [M]  drivers/media/platform/qcom/camss/camss-vfe-480.o
  CC [M]  drivers/media/rc/keymaps/rc-eztv.o
  CC [M]  drivers/net/wireless/microchip/wilc1000/wlan_cfg.o
  CC [M]  drivers/net/wireless/mediatek/mt7601u/phy.o
  CC [M]  drivers/net/wireless/marvell/mwifiex/util.o
  CC [M]  drivers/media/rc/keymaps/rc-flydvb.o
  CC [M]  drivers/media/platform/qcom/venus/hfi_msgs.o
  CC [M]  drivers/net/wireless/mediatek/mt7601u/mac.o
  CC [M]  drivers/media/platform/qcom/camss/camss-vfe-680.o
  CC [M]  drivers/media/rc/keymaps/rc-flyvideo.o
  CC [M]  drivers/media/rc/keymaps/rc-fusionhdtv-mce.o
  CC [M]  drivers/media/rc/keymaps/rc-gadmei-rm008z.o
  CC [M]  drivers/net/wireless/microchip/wilc1000/wlan.o
  CC [M]  drivers/media/platform/qcom/venus/hfi.o
  CC [M]  drivers/net/wireless/marvell/mwifiex/txrx.o
  CC [M]  drivers/media/platform/qcom/camss/camss-vfe-gen3.o
  CC [M]  drivers/media/platform/qcom/camss/camss-vfe-gen1.o
  CC [M]  drivers/media/platform/qcom/camss/camss-vfe.o
  CC [M]  drivers/media/rc/keymaps/rc-geekbox.o
  CC [M]  drivers/net/wireless/mediatek/mt7601u/util.o
  CC [M]  drivers/media/rc/keymaps/rc-genius-tvgo-a11mce.o
  CC [M]  drivers/media/platform/qcom/venus/hfi_parser.o
  CC [M]  drivers/media/platform/qcom/venus/pm_helpers.o
  CC [M]  drivers/net/wireless/ralink/rt2x00/rt2x00dev.o
  CC [M]  drivers/net/wireless/marvell/mwifiex/wmm.o
  CC [M]  drivers/net/wireless/microchip/wilc1000/sdio.o
  CC [M]  drivers/media/rc/keymaps/rc-gotview7135.o
  CC [M]  drivers/net/wireless/mediatek/mt7601u/debugfs.o
  CC [M]  drivers/media/platform/qcom/camss/camss-video.o
  CC [M]  drivers/media/rc/keymaps/rc-hauppauge.o
  CC [M]  drivers/media/rc/keymaps/rc-hisi-poplar.o
  CC [M]  drivers/net/wireless/realtek/rtl818x/rtl8187/dev.o
  CC [M]  drivers/media/rc/keymaps/rc-hisi-tv-demo.o
  CC [M]  drivers/media/platform/qcom/venus/dbgfs.o
  CC [M]  drivers/net/wireless/ralink/rt2x00/rt2x00mac.o
  CC [M]  drivers/net/wireless/mediatek/mt7601u/tx.o
  LD [M]  drivers/media/platform/qcom/camss/qcom-camss.o
  LD [M]  drivers/net/wireless/microchip/wilc1000/wilc1000.o
  LD [M]  drivers/net/wireless/microchip/wilc1000/wilc1000-sdio.o
  CC [M]  drivers/net/wireless/ralink/rt2x00/rt2x00config.o
  CC [M]  drivers/md/md.o
  CC [M]  drivers/media/rc/keymaps/rc-imon-mce.o
  CC [M]  drivers/net/wireless/marvell/mwifiex/11n.o
  CC [M]  drivers/media/platform/qcom/venus/hfi_platform.o
  CC [M]  drivers/media/rc/keymaps/rc-imon-pad.o
  LD [M]  drivers/net/wireless/mediatek/mt7601u/mt7601u.o
  CC [M]  drivers/net/wireless/ralink/rt2x00/rt2x00queue.o
  CC [M]  drivers/net/wireless/realtek/rtl818x/rtl8187/rtl8225.o
  CC [M]  drivers/net/wireless/realtek/rtlwifi/base.o
  CC [M]  drivers/net/wireless/mediatek/mt76/mmio.o
  CC [M]  drivers/media/rc/keymaps/rc-imon-rsc.o
  CC [M]  drivers/media/platform/qcom/venus/hfi_platform_v4.o
  CC [M]  drivers/net/wireless/marvell/mwifiex/11ac.o
  CC [M]  drivers/media/rc/keymaps/rc-iodata-bctv7e.o
  CC [M]  drivers/net/wireless/mediatek/mt76/util.o
  CC [M]  drivers/media/rc/keymaps/rc-it913x-v1.o
  CC [M]  drivers/media/platform/qcom/venus/hfi_platform_v6.o
  CC [M]  drivers/net/wireless/realtek/rtl818x/rtl8187/leds.o
  CC [M]  drivers/net/wireless/ralink/rt2x00/rt2x00link.o
  CC [M]  drivers/net/wireless/marvell/mwifiex/11n_aggr.o
  CC [M]  drivers/media/rc/keymaps/rc-it913x-v2.o
  CC [M]  drivers/net/wireless/realtek/rtlwifi/cam.o
  CC [M]  drivers/media/rc/keymaps/rc-kaiomy.o
  CC [M]  drivers/media/platform/qcom/venus/hfi_plat_bufs_v6.o
  CC [M]  drivers/net/wireless/mediatek/mt76/trace.o
  CC [M]  drivers/net/wireless/realtek/rtl818x/rtl8187/rfkill.o
  CC [M]  drivers/media/rc/keymaps/rc-khadas.o
  CC [M]  drivers/net/wireless/ralink/rt2x00/rt2x00crypto.o
  CC [M]  drivers/net/wireless/realtek/rtlwifi/core.o
  CC [M]  drivers/net/wireless/marvell/mwifiex/11n_rxreorder.o
  CC [M]  drivers/media/platform/qcom/venus/vdec.o
  CC [M]  drivers/media/rc/keymaps/rc-khamsin.o
  LD [M]  drivers/net/wireless/realtek/rtl818x/rtl8187/rtl8187.o
  CC [M]  drivers/net/wireless/marvell/mwifiex/scan.o
  CC [M]  drivers/net/wireless/mediatek/mt76/dma.o
  CC [M]  drivers/media/rc/keymaps/rc-kworld-315u.o
  CC [M]  drivers/net/wireless/ralink/rt2x00/rt2x00firmware.o
  CC [M]  drivers/md/md-bitmap.o
  CC [M]  drivers/media/rc/keymaps/rc-kworld-pc150u.o
  CC [M]  drivers/media/rc/rc-main.o
  CC [M]  drivers/net/wireless/realtek/rtlwifi/debug.o
  CC [M]  drivers/media/platform/qcom/venus/vdec_ctrls.o
  CC [M]  drivers/media/rc/keymaps/rc-kworld-plus-tv-analog.o
  CC [M]  drivers/net/wireless/ralink/rt2x00/rt2x00leds.o
  CC [M]  drivers/net/wireless/marvell/mwifiex/join.o
  CC [M]  drivers/net/wireless/mediatek/mt76/mac80211.o
  CC [M]  drivers/media/rc/keymaps/rc-leadtek-y04g0051.o
  CC [M]  drivers/net/wireless/ralink/rt2x00/rt2x00usb.o
  CC [M]  drivers/media/platform/qcom/venus/venc.o
  CC [M]  drivers/net/wireless/realtek/rtlwifi/efuse.o
  CC [M]  drivers/media/rc/keymaps/rc-lme2510.o
  CC [M]  drivers/md/dm-bufio.o
  CC [M]  drivers/md/dm-bio-prison-v1.o
  CC [M]  drivers/media/rc/keymaps/rc-manli.o
  CC [M]  drivers/net/wireless/marvell/mwifiex/sta_ioctl.o
  CC [M]  drivers/media/rc/keymaps/rc-mecool-kiii-pro.o
  CC [M]  drivers/net/wireless/mediatek/mt76/debugfs.o
  CC [M]  drivers/net/wireless/ralink/rt2x00/rt2800lib.o
  CC [M]  drivers/media/platform/qcom/venus/venc_ctrls.o
  CC [M]  drivers/media/rc/keymaps/rc-mecool-kii-pro.o
  CC [M]  drivers/net/wireless/realtek/rtlwifi/ps.o
  CC [M]  drivers/md/dm-bio-prison-v2.o
  CC [M]  drivers/md/dm-raid1.o
  CC [M]  drivers/media/rc/keymaps/rc-medion-x10-digitainer.o
  CC [M]  drivers/net/wireless/marvell/mwifiex/sta_cmd.o
  CC [M]  drivers/net/wireless/mediatek/mt76/eeprom.o
  LD [M]  drivers/media/platform/qcom/venus/venus-core.o
  LD [M]  drivers/media/platform/qcom/venus/venus-dec.o
  LD [M]  drivers/media/platform/qcom/venus/venus-enc.o
  CC [M]  drivers/media/rc/keymaps/rc-medion-x10.o
  CC [M]  drivers/net/wireless/realtek/rtl8xxxu/core.o
  CC [M]  drivers/net/wireless/realtek/rtl8xxxu/8192e.o
  CC [M]  drivers/net/wireless/realtek/rtlwifi/rc.o
  CC [M]  drivers/media/rc/keymaps/rc-medion-x10-or2x.o
  CC [M]  drivers/md/dm-log.o
  CC [M]  drivers/media/rc/keymaps/rc-minix-neo.o
  CC [M]  drivers/net/wireless/mediatek/mt76/tx.o
  CC [M]  drivers/net/wireless/mediatek/mt76/agg-rx.o
  CC [M]  drivers/net/wireless/marvell/mwifiex/uap_cmd.o
  CC [M]  drivers/net/wireless/realtek/rtlwifi/regd.o
  CC [M]  drivers/media/rc/keymaps/rc-msi-digivox-iii.o
  CC [M]  drivers/md/dm-region-hash.o
  CC [M]  drivers/media/rc/keymaps/rc-msi-digivox-ii.o
  CC [M]  drivers/net/wireless/marvell/mwifiex/ie.o
  CC [M]  drivers/md/dm-zero.o
  CC [M]  drivers/net/wireless/realtek/rtlwifi/stats.o
  CC [M]  drivers/media/rc/keymaps/rc-msi-tvanywhere.o
  CC [M]  drivers/net/wireless/mediatek/mt76/mcu.o
  CC [M]  drivers/media/rc/keymaps/rc-msi-tvanywhere-plus.o
  CC [M]  drivers/net/wireless/marvell/mwifiex/sta_cmdresp.o
  CC [M]  drivers/media/rc/keymaps/rc-mygica-utv3.o
  CC [M]  drivers/net/wireless/realtek/rtl8xxxu/8723b.o
  CC [M]  drivers/md/dm-thin.o
  CC [M]  drivers/net/wireless/realtek/rtlwifi/usb.o
  CC [M]  drivers/media/rc/keymaps/rc-nebula.o
  CC [M]  drivers/net/wireless/mediatek/mt76/wed.o
  CC [M]  drivers/net/wireless/mediatek/mt76/scan.o
  CC [M]  drivers/media/rc/keymaps/rc-nec-terratec-cinergy-xs.o
  CC [M]  drivers/net/wireless/marvell/mwifiex/sta_event.o
  CC [M]  drivers/net/wireless/realtek/rtl8xxxu/8723a.o
  CC [M]  drivers/media/rc/keymaps/rc-norwood.o
  CC [M]  drivers/media/rc/keymaps/rc-npgtech.o
  CC [M]  drivers/net/wireless/mediatek/mt76/channel.o
  CC [M]  drivers/net/wireless/realtek/rtlwifi/rtl8192c/main.o
  CC [M]  drivers/net/wireless/ralink/rt2x00/rt2500usb.o
  CC [M]  drivers/net/wireless/ralink/rt2x00/rt73usb.o
  CC [M]  drivers/md/dm-thin-metadata.o
  CC [M]  drivers/media/rc/keymaps/rc-odroid.o
  CC [M]  drivers/net/wireless/realtek/rtl8xxxu/8192c.o
  CC [M]  drivers/media/rc/keymaps/rc-pctv-sedna.o
  CC [M]  drivers/net/wireless/marvell/mwifiex/uap_event.o
  CC [M]  drivers/net/wireless/realtek/rtlwifi/rtl8192c/dm_common.o
  CC [M]  drivers/net/wireless/mediatek/mt76/usb.o
  CC [M]  drivers/media/rc/keymaps/rc-pine64.o
  CC [M]  drivers/net/wireless/realtek/rtl8xxxu/8188f.o
  CC [M]  drivers/md/persistent-data/dm-array.o
  CC [M]  drivers/md/persistent-data/dm-bitset.o
  CC [M]  drivers/media/rc/keymaps/rc-pinnacle-color.o
  CC [M]  drivers/net/wireless/ralink/rt2x00/rt2800usb.o
  CC [M]  drivers/net/wireless/marvell/mwifiex/sta_tx.o
  CC [M]  drivers/media/rc/keymaps/rc-pinnacle-grey.o
  CC [M]  drivers/net/wireless/realtek/rtlwifi/rtl8192c/fw_common.o
  CC [M]  drivers/net/wireless/realtek/rtlwifi/rtl8192c/phy_common.o
  CC [M]  drivers/md/persistent-data/dm-block-manager.o
  CC [M]  drivers/net/wireless/mediatek/mt76/usb_trace.o
  CC [M]  drivers/media/rc/keymaps/rc-pinnacle-pctv-hd.o
  CC [M]  drivers/net/wireless/realtek/rtl8xxxu/8188e.o
  CC [M]  drivers/net/wireless/marvell/mwifiex/sta_rx.o
  LD [M]  drivers/net/wireless/ralink/rt2x00/rt2x00lib.o
  CC [M]  drivers/media/rc/rc-ir-raw.o
  CC [M]  drivers/media/rc/keymaps/rc-pixelview-002t.o
  CC [M]  drivers/md/persistent-data/dm-space-map-common.o
  CC [M]  drivers/net/wireless/realtek/rtw88/main.o
  CC [M]  drivers/net/wireless/mediatek/mt76/sdio.o
  CC [M]  drivers/media/rc/keymaps/rc-pixelview-mk12.o
  CC [M]  drivers/net/wireless/mediatek/mt76/sdio_txrx.o
  LD [M]  drivers/net/wireless/realtek/rtlwifi/rtl8192c/rtl8192c-common.o
  CC [M]  drivers/net/wireless/realtek/rtlwifi/rtl8192cu/dm.o
  CC [M]  drivers/net/wireless/realtek/rtl8xxxu/8710b.o
  CC [M]  drivers/net/wireless/marvell/mwifiex/uap_txrx.o
  CC [M]  drivers/media/rc/keymaps/rc-pixelview-new.o
  CC [M]  drivers/md/persistent-data/dm-space-map-disk.o
  CC [M]  drivers/media/rc/keymaps/rc-pixelview.o
  CC [M]  drivers/net/wireless/realtek/rtlwifi/rtl8192cu/hw.o
  CC [M]  drivers/media/rc/keymaps/rc-powercolor-real-angel.o
  CC [M]  drivers/md/persistent-data/dm-space-map-metadata.o
  CC [M]  drivers/net/wireless/mediatek/mt76/mt76x02_util.o
  LD [M]  drivers/media/rc/rc-core.o
  CC [M]  drivers/net/wireless/realtek/rtlwifi/rtl8192d/dm_common.o
  CC [M]  drivers/net/wireless/realtek/rtw88/mac80211.o
  CC [M]  drivers/net/wireless/realtek/rtl8xxxu/8192f.o
  CC [M]  drivers/net/wireless/marvell/mwifiex/cfg80211.o
  CC [M]  drivers/media/rc/keymaps/rc-proteus-2309.o
  CC [M]  drivers/media/rc/keymaps/rc-purpletv.o
  CC [M]  drivers/md/persistent-data/dm-transaction-manager.o
  CC [M]  drivers/media/rc/keymaps/rc-pv951.o
  CC [M]  drivers/net/wireless/mediatek/mt76/mt76x02_mac.o
  CC [M]  drivers/net/wireless/realtek/rtw88/util.o
  CC [M]  drivers/net/wireless/realtek/rtlwifi/rtl8192d/fw_common.o
  CC [M]  drivers/net/wireless/realtek/rtlwifi/rtl8192cu/led.o
  LD [M]  drivers/net/wireless/realtek/rtl8xxxu/rtl8xxxu.o
  CC [M]  drivers/net/wireless/realtek/rtlwifi/rtl8192cu/mac.o
  CC [M]  drivers/md/persistent-data/dm-btree.o
  CC [M]  drivers/media/rc/keymaps/rc-rc6-mce.o
  CC [M]  drivers/media/rc/keymaps/rc-real-audio-220-32-keys.o
  CC [M]  drivers/net/wireless/realtek/rtw88/debug.o
  CC [M]  drivers/media/rc/keymaps/rc-reddo.o
  CC [M]  drivers/net/wireless/realtek/rtlwifi/rtl8192d/hw_common.o
  CC [M]  drivers/net/wireless/marvell/mwifiex/ethtool.o
  CC [M]  drivers/net/wireless/realtek/rtlwifi/rtl8192d/main.o
  CC [M]  drivers/net/wireless/realtek/rtlwifi/rtl8192cu/phy.o
  CC [M]  drivers/md/persistent-data/dm-btree-remove.o
  CC [M]  drivers/media/rc/keymaps/rc-siemens-gigaset-rc20.o
  CC [M]  drivers/net/wireless/mediatek/mt76/mt76x02_mcu.o
  CC [M]  drivers/media/rc/keymaps/rc-snapstream-firefly.o
  CC [M]  drivers/net/wireless/marvell/mwifiex/11h.o
  CC [M]  drivers/net/wireless/marvell/mwifiex/tdls.o
  CC [M]  drivers/md/persistent-data/dm-btree-spine.o
  CC [M]  drivers/net/wireless/realtek/rtlwifi/rtl8192d/phy_common.o
  CC [M]  drivers/net/wireless/realtek/rtlwifi/rtl8192cu/rf.o
  CC [M]  drivers/media/rc/keymaps/rc-streamzap.o
  CC [M]  drivers/net/wireless/realtek/rtw88/tx.o
  CC [M]  drivers/net/wireless/mediatek/mt76/mt76x02_eeprom.o
  CC [M]  drivers/media/rc/keymaps/rc-su3000.o
  LD [M]  drivers/md/persistent-data/dm-persistent-data.o
  LD [M]  drivers/md/md-mod.o
  LD [M]  drivers/md/dm-bio-prison.o
  LD [M]  drivers/md/dm-mirror.o
  LD [M]  drivers/md/dm-thin-pool.o
  CC [M]  drivers/net/wireless/mediatek/mt76/mt76x02_phy.o
  CC [M]  drivers/net/wireless/marvell/mwifiex/debugfs.o
  CC [M]  drivers/media/rc/keymaps/rc-tanix-tx3mini.o
  CC [M]  drivers/net/wireless/realtek/rtlwifi/rtl8192cu/sw.o
  CC [M]  drivers/net/wireless/realtek/rtlwifi/rtl8192d/rf_common.o
  CC [M]  drivers/net/wireless/realtek/rtw88/rx.o
  CC [M]  drivers/media/rc/keymaps/rc-tanix-tx5max.o
  CC [M]  drivers/cpufreq/cpufreq_powersave.o
  CC [M]  drivers/cpufreq/cpufreq_conservative.o
  CC [M]  drivers/media/rc/keymaps/rc-tbs-nec.o
  CC [M]  drivers/net/wireless/mediatek/mt76/mt76x02_mmio.o
  CC [M]  drivers/net/wireless/realtek/rtlwifi/rtl8192du/dm.o
  CC [M]  drivers/net/wireless/realtek/rtlwifi/rtl8192cu/trx.o
  CC [M]  drivers/net/wireless/marvell/mwifiex/sdio.o
  CC [M]  drivers/net/wireless/realtek/rtlwifi/rtl8192d/trx_common.o
  CC [M]  drivers/net/tun.o
  CC [M]  drivers/net/wireless/realtek/rtw88/mac.o
  CC [M]  drivers/media/rc/keymaps/rc-technisat-ts35.o
  CC [M]  drivers/media/rc/keymaps/rc-technisat-usb2.o
  CC [M]  drivers/net/wireless/realtek/rtlwifi/rtl8192du/fw.o
  CC [M]  drivers/net/wireless/mediatek/mt76/mt76x02_txrx.o
  CC [M]  drivers/media/rc/keymaps/rc-terratec-cinergy-c-pci.o
  LD [M]  drivers/net/wireless/realtek/rtlwifi/rtl8192cu/rtl8192cu.o
  LD [M]  drivers/net/wireless/realtek/rtlwifi/rtl8192d/rtl8192d-common.o
  CC [M]  drivers/media/rc/keymaps/rc-terratec-cinergy-s2-hd.o
  CC [M]  drivers/media/rc/keymaps/rc-terratec-cinergy-xs.o
  CC [M]  drivers/net/wireless/realtek/rtw88/phy.o
  CC [M]  drivers/net/tap.o
  CC [M]  drivers/net/wireless/realtek/rtw88/coex.o
  CC [M]  drivers/media/rc/keymaps/rc-terratec-slim-2.o
  CC [M]  drivers/net/wireless/realtek/rtlwifi/rtl8192du/hw.o
  CC [M]  drivers/net/wireless/marvell/mwifiex/usb.o
  CC [M]  drivers/net/wireless/mediatek/mt76/mt76x02_trace.o
  CC [M]  drivers/media/rc/keymaps/rc-terratec-slim.o
  CC [M]  drivers/media/rc/keymaps/rc-tevii-nec.o
  CC [M]  drivers/net/wireless/realtek/rtlwifi/rtl8192du/led.o
  CC [M]  drivers/media/rc/keymaps/rc-tivo.o
  CC [M]  drivers/media/rc/keymaps/rc-total-media-in-hand-02.o
  CC [M]  drivers/net/wireless/realtek/rtlwifi/rtl8192du/phy.o
  CC [M]  drivers/net/wireless/mediatek/mt76/mt76x02_debugfs.o
  CC [M]  drivers/net/wireless/mediatek/mt76/mt76x02_dfs.o
  LD [M]  drivers/net/wireless/marvell/mwifiex/mwifiex.o
  LD [M]  drivers/net/wireless/marvell/mwifiex/mwifiex_sdio.o
  LD [M]  drivers/net/wireless/marvell/mwifiex/mwifiex_usb.o
  CC [M]  drivers/net/wireless/realtek/rtw88/efuse.o
  CC [M]  drivers/media/rc/keymaps/rc-total-media-in-hand.o
  CC [M]  drivers/net/wireless/silabs/wfx/bh.o
  CC [M]  drivers/net/wireless/silabs/wfx/hwio.o
  CC [M]  drivers/media/rc/keymaps/rc-trekstor.o
  CC [M]  drivers/net/wireless/realtek/rtlwifi/rtl8192du/rf.o
  CC [M]  drivers/media/rc/keymaps/rc-tt-1500.o
  CC [M]  drivers/net/wireless/realtek/rtw88/fw.o
  CC [M]  drivers/net/wireless/realtek/rtw88/ps.o
  CC [M]  drivers/net/wireless/mediatek/mt76/mt76x02_beacon.o
  CC [M]  drivers/net/wireless/silabs/wfx/fwio.o
  CC [M]  drivers/media/rc/keymaps/rc-twinhan1027.o
  CC [M]  drivers/net/wireless/st/cw1200/fwio.o
  CC [M]  drivers/net/wireless/st/cw1200/txrx.o
  CC [M]  drivers/net/wireless/realtek/rtlwifi/rtl8192du/sw.o
  CC [M]  drivers/media/rc/keymaps/rc-twinhan-dtv-cab-ci.o
  CC [M]  drivers/media/rc/keymaps/rc-vega-s9x.o
  CC [M]  drivers/net/wireless/mediatek/mt76/mt76x02_usb_mcu.o
  CC [M]  drivers/net/wireless/realtek/rtw88/sec.o
  CC [M]  drivers/net/wireless/silabs/wfx/hif_tx_mib.o
  CC [M]  drivers/media/rc/keymaps/rc-videomate-m1f.o
  CC [M]  drivers/media/rc/keymaps/rc-videomate-s350.o
  CC [M]  drivers/media/rc/keymaps/rc-videomate-tv-pvr.o
  CC [M]  drivers/net/wireless/realtek/rtlwifi/rtl8192du/trx.o
  CC [M]  drivers/net/wireless/silabs/wfx/hif_tx.o
  CC [M]  drivers/media/rc/keymaps/rc-videostrong-kii-pro.o
  CC [M]  drivers/net/wireless/st/cw1200/main.o
  CC [M]  drivers/net/veth.o
  CC [M]  drivers/net/wireless/realtek/rtw88/bf.o
  CC [M]  drivers/net/wireless/mediatek/mt76/mt76x02_usb_core.o
  CC [M]  drivers/net/wireless/realtek/rtw88/sar.o
  CC [M]  drivers/media/rc/keymaps/rc-wetek-hub.o
  LD [M]  drivers/net/wireless/realtek/rtlwifi/rtl8192du/rtl8192du.o
  LD [M]  drivers/net/wireless/realtek/rtlwifi/rtlwifi.o
  LD [M]  drivers/net/wireless/realtek/rtlwifi/rtl_usb.o
  CC [M]  drivers/media/rc/keymaps/rc-wetek-play2.o
  CC [M]  drivers/media/rc/keymaps/rc-winfast.o
  CC [M]  drivers/net/wireless/st/cw1200/queue.o
  CC [M]  drivers/net/wireless/silabs/wfx/hif_rx.o
  CC [M]  drivers/net/wireless/st/cw1200/hwio.o
  CC [M]  drivers/net/wireless/mediatek/mt76/mt76_connac_mcu.o
  CC [M]  drivers/net/wireless/realtek/rtw88/regd.o
  CC [M]  drivers/net/wireless/mediatek/mt76/mt76_connac_mac.o
  CC [M]  drivers/media/rc/keymaps/rc-winfast-usbii-deluxe.o
  CC [M]  drivers/media/rc/keymaps/rc-x96max.o
  CC [M]  drivers/media/rc/keymaps/rc-xbox-360.o
  CC [M]  drivers/net/wireless/silabs/wfx/queue.o
  CC [M]  drivers/net/wireless/silabs/wfx/data_tx.o
  CC [M]  drivers/net/wireless/st/cw1200/bh.o
  CC [M]  drivers/net/wireless/realtek/rtw88/wow.o
  CC [M]  drivers/net/wireless/realtek/rtw88/led.o
  CC [M]  drivers/media/rc/keymaps/rc-xbox-dvd.o
  CC [M]  drivers/media/rc/keymaps/rc-zx-irdec.o
  CC [M]  drivers/net/wireless/st/cw1200/wsm.o
  CC [M]  drivers/net/wireless/mediatek/mt76/mt76_connac3_mac.o
  CC [M]  drivers/net/wireless/silabs/wfx/data_rx.o
  CC [M]  drivers/net/wireless/realtek/rtw88/rtw8822b.o
  CC [M]  drivers/net/wireless/st/cw1200/sta.o
  CC [M]  drivers/media/mc/mc-device.o
  CC [M]  drivers/net/wireless/st/cw1200/scan.o
  CC [M]  drivers/net/wireless/st/cw1200/debug.o
  CC [M]  drivers/net/wireless/mediatek/mt76/mt792x_core.o
  CC [M]  drivers/net/wireless/silabs/wfx/scan.o
  CC [M]  drivers/media/mc/mc-devnode.o
  CC [M]  drivers/media/mc/mc-entity.o
  CC [M]  drivers/net/wireless/st/cw1200/pm.o
  CC [M]  drivers/net/wireless/realtek/rtw88/rtw8822b_table.o
  CC [M]  drivers/net/wireless/ti/wlcore/main.o
  CC      drivers/firmware/qcom/qcom_scm.o
  CC [M]  drivers/net/wireless/ti/wl12xx/main.o
  CC [M]  drivers/net/wireless/silabs/wfx/sta.o
  CC [M]  drivers/net/wireless/mediatek/mt76/mt792x_mac.o
  CC [M]  drivers/net/wireless/st/cw1200/cw1200_sdio.o
  CC [M]  drivers/media/mc/mc-request.o
  CC [M]  drivers/net/wireless/realtek/rtw88/rtw8822bs.o
  AR      drivers/firmware/qcom/built-in.a
  AR      drivers/firmware/built-in.a
  CC [M]  drivers/net/wireless/ti/wl12xx/cmd.o
  CC [M]  drivers/net/wireless/mediatek/mt76/mt792x_trace.o
  CC [M]  drivers/media/mc/mc-dev-allocator.o
  CC [M]  drivers/net/wireless/silabs/wfx/key.o
  LD [M]  drivers/net/wireless/st/cw1200/cw1200_core.o
  LD [M]  drivers/net/wireless/st/cw1200/cw1200_wlan_sdio.o
  CC [M]  drivers/net/wireless/silabs/wfx/main.o
  CC [M]  drivers/net/wireless/ti/wl12xx/acx.o
  CC [M]  drivers/net/wireless/realtek/rtw88/rtw8822bu.o
  LD [M]  drivers/media/mc/mc.o
  CC [M]  drivers/media/v4l2-core/v4l2-async.o
  CC [M]  drivers/media/dvb-core/dvbdev.o
  CC [M]  drivers/media/v4l2-core/v4l2-fwnode.o
  CC [M]  drivers/net/wireless/mediatek/mt76/mt792x_debugfs.o
  CC [M]  drivers/net/wireless/silabs/wfx/debug.o
  CC [M]  drivers/net/wireless/realtek/rtw88/rtw8822c.o
  CC [M]  drivers/net/wireless/ti/wl12xx/debugfs.o
  CC [M]  drivers/net/wireless/ti/wlcore/cmd.o
  CC [M]  drivers/media/dvb-core/dmxdev.o
  CC [M]  drivers/net/wireless/ti/wlcore/io.o
  CC [M]  drivers/net/wireless/mediatek/mt76/mt792x_dma.o
  CC [M]  drivers/media/v4l2-core/v4l2-mem2mem.o
  CC [M]  drivers/net/wireless/ti/wl12xx/scan.o
  CC [M]  drivers/net/wireless/silabs/wfx/bus_spi.o
  CC [M]  drivers/media/dvb-core/dvb_ca_en50221.o
  CC [M]  drivers/media/dvb-core/dvb_frontend.o
  CC [M]  drivers/net/wireless/mediatek/mt76/mt792x_acpi_sar.o
  CC [M]  drivers/net/wireless/ti/wlcore/event.o
  CC [M]  drivers/media/v4l2-core/v4l2-dv-timings.o
  CC [M]  drivers/net/wireless/ti/wl12xx/event.o
  CC [M]  drivers/net/wireless/silabs/wfx/bus_sdio.o
  CC [M]  drivers/net/wireless/realtek/rtw88/rtw8822c_table.o
  CC [M]  drivers/crypto/qcom-rng.o
  CC [M]  drivers/media/v4l2-core/v4l2-dev.o
  LD [M]  drivers/net/wireless/ti/wl12xx/wl12xx.o
  CC [M]  drivers/media/v4l2-core/v4l2-ioctl.o
  CC [M]  drivers/net/wireless/mediatek/mt76/mt792x_usb.o
  CC [M]  drivers/net/wireless/ti/wlcore/tx.o
  LD [M]  drivers/media/dvb-core/dvb-core.o
  CC [M]  drivers/net/wireless/mediatek/mt76/mt76x0/usb.o
  LD [M]  drivers/net/wireless/silabs/wfx/wfx.o
  CC [M]  drivers/net/wireless/mediatek/mt76/mt76x0/usb_mcu.o
  CC [M]  drivers/crypto/ccree/cc_driver.o
  CC [M]  drivers/net/wireless/realtek/rtw88/rtw8822cs.o
  CC [M]  drivers/crypto/ccree/cc_buffer_mgr.o
  CC [M]  drivers/crypto/ccree/cc_request_mgr.o
  CC [M]  drivers/net/wireless/mediatek/mt76/mt76x2/eeprom.o
  CC [M]  drivers/net/wireless/mediatek/mt76/mt76x0/init.o
  CC [M]  drivers/net/wireless/ti/wlcore/rx.o
  CC [M]  drivers/net/wireless/realtek/rtw88/rtw8822cu.o
  CC [M]  drivers/net/wireless/realtek/rtw88/rtw8723x.o
  CC [M]  drivers/media/v4l2-core/v4l2-device.o
  CC [M]  drivers/crypto/ccree/cc_cipher.o
  CC [M]  drivers/media/v4l2-core/v4l2-fh.o
  CC [M]  drivers/net/wireless/mediatek/mt76/mt76x0/main.o
  CC [M]  drivers/net/wireless/mediatek/mt76/mt76x2/mac.o
  CC [M]  drivers/net/wireless/mediatek/mt76/mt76x2/init.o
  CC [M]  drivers/net/wireless/ti/wlcore/ps.o
  CC [M]  drivers/net/wireless/realtek/rtw88/rtw8723d.o
  CC [M]  drivers/net/wireless/mediatek/mt76/mt76x2/phy.o
  CC [M]  drivers/media/v4l2-core/v4l2-event.o
  CC [M]  drivers/crypto/ccree/cc_hash.o
  CC [M]  drivers/net/wireless/mediatek/mt76/mt76x0/eeprom.o
  CC [M]  drivers/media/v4l2-core/v4l2-subdev.o
  CC [M]  drivers/net/wireless/mediatek/mt76/mt76x2/mcu.o
  CC [M]  drivers/net/wireless/ti/wlcore/acx.o
  CC [M]  drivers/crypto/ccree/cc_aead.o
  CC [M]  drivers/crypto/ccree/cc_sram_mgr.o
  CC [M]  drivers/net/wireless/realtek/rtw88/rtw8723d_table.o
  CC [M]  drivers/net/wireless/mediatek/mt76/mt76x0/phy.o
  CC [M]  drivers/net/wireless/mediatek/mt76/mt76x2/usb.o
  CC [M]  drivers/net/wireless/mediatek/mt76/mt76x2/usb_init.o
  CC [M]  drivers/net/wireless/mediatek/mt76/mt7615/main.o
  CC [M]  drivers/media/v4l2-core/v4l2-common.o
  CC [M]  drivers/net/wireless/ti/wlcore/boot.o
  CC [M]  drivers/net/wireless/realtek/rtw88/rtw8723du.o
  CC [M]  drivers/media/v4l2-core/v4l2-ctrls-core.o
  CC [M]  drivers/crypto/ccree/cc_debugfs.o
  CC [M]  drivers/net/wireless/mediatek/mt76/mt76x2/usb_main.o
  LD [M]  drivers/net/wireless/mediatek/mt76/mt76x0/mt76x0u.o
  LD [M]  drivers/net/wireless/mediatek/mt76/mt76x0/mt76x0-common.o
  CC [M]  drivers/net/wireless/mediatek/mt76/mt76x2/usb_mac.o
  CC [M]  drivers/net/wireless/mediatek/mt76/mt7921/mac.o
  CC [M]  drivers/net/wireless/realtek/rtw88/rtw8821c.o
  CC [M]  drivers/net/wireless/ti/wlcore/init.o
  CC [M]  drivers/net/wireless/mediatek/mt76/mt7615/init.o
  CC [M]  drivers/crypto/ccree/cc_pm.o
  CC [M]  drivers/net/wireless/ti/wlcore/debugfs.o
  CC [M]  drivers/net/wireless/mediatek/mt76/mt76x2/usb_mcu.o
  CC [M]  drivers/media/v4l2-core/v4l2-ctrls-api.o
  CC [M]  drivers/net/wireless/mediatek/mt76/mt76x2/usb_phy.o
  LD [M]  drivers/crypto/ccree/ccree.o
  CC [M]  drivers/net/wireless/ti/wlcore/scan.o
  CC [M]  drivers/net/wireless/realtek/rtw88/rtw8821c_table.o
  CC [M]  drivers/net/wireless/mediatek/mt76/mt7921/mcu.o
  CC [M]  drivers/net/wireless/mediatek/mt76/mt7615/mcu.o
  CC [M]  drivers/net/wireless/mediatek/mt76/mt7921/main.o
  LD [M]  drivers/net/wireless/mediatek/mt76/mt76x2/mt76x2-common.o
  CC [M]  drivers/net/wireless/ti/wlcore/sysfs.o
  LD [M]  drivers/net/wireless/mediatek/mt76/mt76x2/mt76x2u.o
  CC [M]  drivers/media/v4l2-core/v4l2-ctrls-request.o
  CC [M]  drivers/media/v4l2-core/v4l2-ctrls-defs.o
  CC [M]  drivers/net/wireless/realtek/rtw88/rtw8821cs.o
  CC [M]  drivers/media/v4l2-core/v4l2-compat-ioctl32.o
  CC [M]  drivers/net/wireless/ti/wlcore/vendor_cmd.o
  CC [M]  drivers/net/wireless/mediatek/mt76/mt7925/mac.o
  CC [M]  drivers/net/wireless/mediatek/mt76/mt7925/mcu.o
  CC [M]  drivers/net/wireless/mediatek/mt76/mt7925/main.o
  CC [M]  drivers/net/wireless/realtek/rtw88/rtw8821cu.o
  CC [M]  drivers/media/v4l2-core/v4l2-mc.o
  CC [M]  drivers/net/wireless/mediatek/mt76/mt7615/eeprom.o
  CC [M]  drivers/net/wireless/mediatek/mt76/mt7921/init.o
  CC [M]  drivers/net/wireless/ti/wlcore/sdio.o
  CC [M]  drivers/net/wireless/realtek/rtw88/sdio.o
  CC [M]  drivers/media/v4l2-core/v4l2-spi.o
  CC [M]  drivers/net/wireless/mediatek/mt76/mt7615/mac.o
  CC [M]  drivers/net/wireless/mediatek/mt76/mt7921/debugfs.o
  CC [M]  drivers/net/wireless/mediatek/mt76/mt7925/init.o
  CC [M]  drivers/net/wireless/mediatek/mt76/mt7921/sdio.o
  LD [M]  drivers/net/wireless/ti/wlcore/wlcore.o
  LD [M]  drivers/net/wireless/ti/wlcore/wlcore_sdio.o
  CC [M]  drivers/net/wireless/ti/wl1251/main.o
  CC [M]  drivers/net/wireless/mediatek/mt76/mt7921/sdio_mac.o
  CC [M]  drivers/media/v4l2-core/v4l2-trace.o
  CC [M]  drivers/net/wireless/realtek/rtw88/usb.o
  CC [M]  drivers/net/wireless/mediatek/mt76/mt7925/debugfs.o
  CC [M]  drivers/net/wireless/mediatek/mt76/mt7921/sdio_mcu.o
  CC [M]  drivers/hid/uhid.o
  CC [M]  drivers/net/wireless/ti/wl1251/event.o
  CC [M]  drivers/media/v4l2-core/v4l2-i2c.o
  CC [M]  drivers/net/wireless/ti/wl1251/tx.o
  LD [M]  drivers/net/wireless/realtek/rtw88/rtw88_core.o
  LD [M]  drivers/net/wireless/realtek/rtw88/rtw88_8822b.o
  LD [M]  drivers/net/wireless/realtek/rtw88/rtw88_8822bs.o
  LD [M]  drivers/net/wireless/realtek/rtw88/rtw88_8822bu.o
  LD [M]  drivers/net/wireless/realtek/rtw88/rtw88_8822c.o
  LD [M]  drivers/net/wireless/realtek/rtw88/rtw88_8822cs.o
  LD [M]  drivers/net/wireless/realtek/rtw88/rtw88_8822cu.o
  LD [M]  drivers/net/wireless/realtek/rtw88/rtw88_8723x.o
  LD [M]  drivers/net/wireless/realtek/rtw88/rtw88_8723d.o
  LD [M]  drivers/net/wireless/realtek/rtw88/rtw88_8723du.o
  LD [M]  drivers/net/wireless/realtek/rtw88/rtw88_8821c.o
  LD [M]  drivers/net/wireless/realtek/rtw88/rtw88_8821cs.o
  LD [M]  drivers/net/wireless/realtek/rtw88/rtw88_8821cu.o
  LD [M]  drivers/net/wireless/realtek/rtw88/rtw88_sdio.o
  LD [M]  drivers/net/wireless/realtek/rtw88/rtw88_usb.o
  CC [M]  drivers/net/wireless/mediatek/mt76/mt7615/debugfs.o
  CC [M]  drivers/net/wireless/mediatek/mt76/mt7615/trace.o
  LD [M]  drivers/media/v4l2-core/videodev.o
  CC [M]  drivers/hid/hid-lg.o
  CC [M]  drivers/net/wireless/mediatek/mt76/mt7925/usb.o
  CC [M]  drivers/hid/hid-lg-g15.o
  CC [M]  drivers/net/wireless/ti/wl18xx/main.o
  CC [M]  drivers/net/wireless/mediatek/mt76/mt7921/usb.o
  CC [M]  drivers/net/wireless/ti/wl1251/rx.o
  CC [M]  drivers/net/wireless/ti/wl1251/ps.o
  CC [M]  drivers/net/wireless/mediatek/mt76/mt7615/usb_sdio.o
  CC [M]  drivers/net/wireless/ti/wl1251/cmd.o
  CC [M]  drivers/hid/hid-multitouch.o
  LD [M]  drivers/net/wireless/mediatek/mt76/mt7925/mt7925-common.o
  LD [M]  drivers/net/wireless/mediatek/mt76/mt7925/mt7925u.o
  CC [M]  drivers/net/wireless/ti/wl1251/acx.o
  CC [M]  drivers/net/wireless/ti/wl18xx/acx.o
  CC [M]  drivers/net/wireless/ti/wl18xx/tx.o
  LD [M]  drivers/net/wireless/mediatek/mt76/mt7921/mt7921-common.o
  LD [M]  drivers/net/wireless/mediatek/mt76/mt7921/mt7921s.o
  LD [M]  drivers/net/wireless/mediatek/mt76/mt7921/mt7921u.o
  CC [M]  drivers/net/wireless/ti/wl18xx/io.o
  LD [M]  drivers/net/wireless/mediatek/mt76/mt76.o
  CC [M]  drivers/hid/hid-rmi.o
  CC [M]  drivers/net/wireless/ti/wl1251/boot.o
  CC [M]  drivers/net/wireless/mediatek/mt76/mt7615/usb.o
  CC [M]  drivers/net/wireless/ti/wl1251/init.o
  CC [M]  drivers/net/wireless/ti/wl18xx/debugfs.o
  CC [M]  drivers/net/wireless/ti/wl1251/debugfs.o
  CC [M]  drivers/net/wireless/ti/wl1251/io.o
  CC [M]  drivers/net/wireless/ti/wl18xx/scan.o
  LD [M]  drivers/hid/hid-logitech.o
  CC [M]  drivers/net/wireless/ti/wl18xx/cmd.o
  CC [M]  drivers/net/wireless/mediatek/mt76/mt7615/usb_mcu.o
  CC [M]  drivers/net/wireless/ti/wl18xx/event.o
  LD [M]  drivers/net/wireless/mediatek/mt76/mt76-usb.o
  CC [M]  drivers/net/wireless/mediatek/mt76/mt7615/sdio.o
  LD [M]  drivers/net/wireless/mediatek/mt76/mt76-sdio.o
  CC [M]  drivers/net/wireless/mediatek/mt76/mt7615/sdio_mcu.o
  LD [M]  drivers/net/wireless/mediatek/mt76/mt76x02-lib.o
  CC [M]  drivers/net/wireless/ti/wl1251/sdio.o
  LD [M]  drivers/net/wireless/mediatek/mt76/mt76x02-usb.o
  LD [M]  drivers/net/wireless/ti/wl1251/wl1251.o
  CC [M]  drivers/staging/media/max96712/max96712.o
  LD [M]  drivers/net/wireless/mediatek/mt76/mt76-connac-lib.o
  LD [M]  drivers/net/wireless/mediatek/mt76/mt792x-lib.o
  LD [M]  drivers/net/wireless/mediatek/mt76/mt792x-usb.o
  CC [M]  drivers/net/ipvlan/ipvlan_core.o
  CC [M]  drivers/staging/rtl8723bs/core/rtw_ap.o
  LD [M]  drivers/net/wireless/ti/wl18xx/wl18xx.o
  CC [M]  drivers/staging/rtl8723bs/core/rtw_btcoex.o
  LD [M]  drivers/net/wireless/ti/wl1251/wl1251_sdio.o
  CC [M]  drivers/staging/rtl8723bs/core/rtw_cmd.o
  LD [M]  drivers/net/wireless/mediatek/mt76/mt7615/mt7615-common.o
  CC [M]  drivers/staging/rtl8723bs/core/rtw_efuse.o
  LD [M]  drivers/net/wireless/mediatek/mt76/mt7615/mt7663-usb-sdio-common.o
  LD [M]  drivers/net/wireless/mediatek/mt76/mt7615/mt7663u.o
  LD [M]  drivers/net/wireless/mediatek/mt76/mt7615/mt7663s.o
  CC [M]  drivers/platform/chrome/cros_ec_chardev.o
  CC [M]  drivers/platform/chrome/cros_usbpd_logger.o
  CC [M]  drivers/net/wireguard/main.o
  CC [M]  drivers/staging/rtl8723bs/core/rtw_io.o
  CC [M]  drivers/net/ipvlan/ipvlan_main.o
  CC [M]  drivers/net/ipvlan/ipvlan_l3s.o
  CC [M]  drivers/remoteproc/qcom_q6v5_adsp.o
  CC [M]  drivers/remoteproc/qcom_q6v5_pas.o
  CC [M]  drivers/net/vxlan/vxlan_core.o
  CC [M]  drivers/net/wireguard/noise.o
  CC [M]  drivers/net/wireguard/device.o
  CC [M]  drivers/staging/rtl8723bs/core/rtw_ioctl_set.o
  CC [M]  drivers/remoteproc/qcom_wcnss.o
  CC [M]  drivers/rpmsg/rpmsg_ctrl.o
  CC [M]  drivers/remoteproc/qcom_wcnss_iris.o
  LD [M]  drivers/net/ipvlan/ipvlan.o
  CC [M]  drivers/devfreq/governor_performance.o
  CC [M]  drivers/devfreq/governor_userspace.o
  CC [M]  drivers/net/wireguard/peer.o
  CC [M]  drivers/staging/rtl8723bs/core/rtw_ieee80211.o
  CC [M]  drivers/net/wireguard/timers.o
  CC [M]  drivers/net/wireguard/queueing.o
  CC [M]  drivers/net/wireguard/send.o
  LD [M]  drivers/remoteproc/qcom_wcnss_pil.o
  CC [M]  drivers/net/can/dev/skb.o
  CC [M]  drivers/extcon/extcon-ptn5150.o
  CC [M]  drivers/iio/adc/max9611.o
  CC [M]  drivers/net/can/dev/calc_bittiming.o
  CC [M]  drivers/perf/arm-cci.o
  CC [M]  drivers/net/can/dev/bittiming.o
  CC [M]  drivers/staging/rtl8723bs/core/rtw_mlme.o
  CC [M]  drivers/staging/rtl8723bs/core/rtw_mlme_ext.o
  CC [M]  drivers/net/wireguard/receive.o
  CC [M]  drivers/net/vxlan/vxlan_multicast.o
  CC [M]  drivers/iio/adc/qcom-spmi-adc5.o
  CC [M]  drivers/perf/arm-ccn.o
  CC [M]  drivers/net/can/dev/dev.o
  CC [M]  drivers/perf/arm-cmn.o
  CC [M]  drivers/iio/adc/ti-ads1015.o
  CC [M]  drivers/net/wireguard/socket.o
  CC [M]  drivers/net/wireguard/peerlookup.o
  CC [M]  drivers/net/vxlan/vxlan_vnifilter.o
  CC [M]  drivers/net/can/dev/length.o
  CC [M]  drivers/net/can/dev/netlink.o
  CC [M]  drivers/staging/rtl8723bs/core/rtw_pwrctrl.o
  CC [M]  drivers/iio/buffer/industrialio-triggered-buffer.o
  CC [M]  drivers/staging/rtl8723bs/core/rtw_recv.o
  CC [M]  drivers/net/wireguard/allowedips.o
  CC [M]  drivers/perf/arm_dsu_pmu.o
  CC [M]  drivers/net/wireguard/ratelimiter.o
  CC [M]  drivers/net/can/dev/rx-offload.o
  CC [M]  drivers/iio/buffer/kfifo_buf.o
  CC [M]  drivers/net/vxlan/vxlan_mdb.o
  CC [M]  drivers/net/wireguard/cookie.o
  CC [M]  drivers/iio/common/cros_ec_sensors/cros_ec_sensors_core.o
  CC [M]  drivers/iio/common/cros_ec_sensors/cros_ec_sensors_trace.o
  CC [M]  drivers/perf/arm_spe_pmu.o
  CC [M]  drivers/iio/common/cros_ec_sensors/cros_ec_sensors.o
  LD [M]  drivers/net/can/dev/can-dev.o
  CC [M]  drivers/staging/rtl8723bs/core/rtw_security.o
  CC [M]  drivers/net/can/spi/mcp251xfd/mcp251xfd-chip-fifo.o
  CC [M]  drivers/net/can/spi/mcp251xfd/mcp251xfd-core.o
  CC [M]  drivers/staging/rtl8723bs/core/rtw_sta_mgt.o
  LD [M]  drivers/iio/common/cros_ec_sensors/cros-ec-sensors-core.o
  CC [M]  drivers/net/wireguard/netlink.o
  CC [M]  drivers/iio/common/st_sensors/st_sensors_i2c.o
  LD [M]  drivers/net/vxlan/vxlan.o
  CC [M]  drivers/staging/rtl8723bs/core/rtw_wlan_util.o
  CC [M]  drivers/staging/rtl8723bs/core/rtw_xmit.o
  CC [M]  drivers/staging/rtl8723bs/hal/hal_intf.o
  CC [M]  drivers/iio/common/st_sensors/st_sensors_spi.o
  CC [M]  drivers/iio/common/st_sensors/st_sensors_core.o
  CC [M]  drivers/staging/rtl8723bs/hal/hal_com.o
  LD [M]  drivers/net/wireguard/wireguard.o
  CC [M]  drivers/staging/rtl8723bs/hal/hal_com_phycfg.o
  CC [M]  drivers/net/can/spi/mcp251xfd/mcp251xfd-crc16.o
  CC [M]  drivers/net/can/spi/mcp251xfd/mcp251xfd-ethtool.o
  CC [M]  drivers/staging/rtl8723bs/hal/hal_btcoex.o
  CC [M]  drivers/net/can/spi/mcp251xfd/mcp251xfd-ram.o
  CC [M]  drivers/net/can/spi/mcp251xfd/mcp251xfd-regmap.o
  CC [M]  drivers/iio/common/st_sensors/st_sensors_buffer.o
  CC [M]  drivers/iio/common/st_sensors/st_sensors_trigger.o
  CC [M]  drivers/net/can/spi/mcp251xfd/mcp251xfd-ring.o
  CC [M]  drivers/net/can/spi/mcp251xfd/mcp251xfd-rx.o
  CC [M]  drivers/staging/rtl8723bs/hal/hal_sdio.o
  CC [M]  drivers/net/can/flexcan/flexcan-core.o
  CC [M]  drivers/net/can/flexcan/flexcan-ethtool.o
  CC [M]  drivers/staging/rtl8723bs/hal/hal_pwr_seq.o
  LD [M]  drivers/iio/common/st_sensors/st_sensors.o
  CC [M]  drivers/iio/imu/st_lsm6dsx/st_lsm6dsx_core.o
  CC [M]  drivers/iio/imu/st_lsm6dsx/st_lsm6dsx_buffer.o
  CC [M]  drivers/iio/imu/st_lsm6dsx/st_lsm6dsx_shub.o
  CC [M]  drivers/staging/rtl8723bs/hal/HalPhyRf.o
  CC [M]  drivers/net/can/spi/mcp251xfd/mcp251xfd-tef.o
  CC [M]  drivers/net/can/spi/mcp251xfd/mcp251xfd-timestamp.o
  CC [M]  drivers/net/can/spi/mcp251xfd/mcp251xfd-tx.o
  LD [M]  drivers/net/can/flexcan/flexcan.o
  CC [M]  drivers/iio/light/apds9960.o
  CC [M]  drivers/net/can/spi/mcp251xfd/mcp251xfd-dump.o
  CC [M]  drivers/iio/magnetometer/st_magn_core.o
  CC [M]  drivers/iio/imu/st_lsm6dsx/st_lsm6dsx_i2c.o
  CC [M]  drivers/staging/rtl8723bs/hal/HalPwrSeqCmd.o
  CC [M]  drivers/staging/rtl8723bs/hal/odm.o
  CC [M]  drivers/iio/imu/st_lsm6dsx/st_lsm6dsx_spi.o
  CC [M]  drivers/iio/magnetometer/st_magn_buffer.o
  CC [M]  drivers/iio/magnetometer/st_magn_i2c.o
  CC [M]  drivers/iio/light/cros_ec_light_prox.o
  CC [M]  drivers/iio/magnetometer/st_magn_spi.o
  LD [M]  drivers/net/can/spi/mcp251xfd/mcp251xfd.o
  CC [M]  drivers/iio/light/isl29018.o
  CC [M]  drivers/iio/light/tsl2563.o
  LD [M]  drivers/iio/imu/st_lsm6dsx/st_lsm6dsx.o
  CC [M]  drivers/iio/light/vcnl4000.o
  CC [M]  drivers/staging/rtl8723bs/hal/odm_CfoTracking.o
  CC [M]  drivers/staging/rtl8723bs/hal/odm_DIG.o
  CC [M]  drivers/staging/rtl8723bs/hal/odm_DynamicBBPowerSaving.o
  CC [M]  drivers/staging/rtl8723bs/hal/odm_DynamicTxPower.o
  LD [M]  drivers/iio/magnetometer/st_magn.o
  CC [M]  drivers/nvmem/rmem.o
  CC [M]  drivers/staging/rtl8723bs/hal/odm_EdcaTurboCheck.o
  CC [M]  drivers/staging/rtl8723bs/hal/odm_HWConfig.o
  LD [M]  drivers/nvmem/nvmem-rmem.o
  CC [M]  drivers/slimbus/core.o
  CC [M]  drivers/bluetooth/hci_ldisc.o
  CC [M]  drivers/ssb/main.o
  CC [M]  drivers/iio/pressure/cros_ec_baro.o
  CC [M]  drivers/iio/pressure/mpl3115.o
  CC [M]  drivers/staging/rtl8723bs/hal/odm_RegConfig8723B.o
  CC [M]  drivers/slimbus/messaging.o
  CC [M]  drivers/slimbus/sched.o
  CC [M]  drivers/bcma/main.o
  CC [M]  drivers/slimbus/stream.o
  CC [M]  drivers/ssb/scan.o
  CC [M]  drivers/ssb/sdio.o
  CC [M]  drivers/ssb/driver_chipcommon.o
  CC [M]  drivers/staging/rtl8723bs/hal/rtl8723b_cmd.o
  CC [M]  drivers/staging/rtl8723bs/hal/rtl8723b_dm.o
  CC [M]  drivers/slimbus/qcom-ngd-ctrl.o
  CC [M]  drivers/bluetooth/hci_serdev.o
  CC [M]  drivers/bcma/scan.o
  CC [M]  drivers/bluetooth/hci_h4.o
  CC [M]  drivers/bluetooth/hci_ll.o
  CC [M]  drivers/ssb/driver_chipcommon_pmu.o
  CC [M]  drivers/soundwire/bus_type.o
  CC [M]  drivers/staging/rtl8723bs/hal/rtl8723b_hal_init.o
  CC [M]  drivers/bcma/core.o
  CC [M]  drivers/staging/rtl8723bs/hal/rtl8723b_phycfg.o
  LD [M]  drivers/slimbus/slimbus.o
  LD [M]  drivers/slimbus/slim-qcom-ngd-ctrl.o
  CC [M]  drivers/bluetooth/hci_bcm.o
  CC [M]  drivers/soundwire/bus.o
  CC [M]  drivers/soundwire/master.o
  LD [M]  drivers/ssb/ssb.o
  CC [M]  drivers/bluetooth/hci_qca.o
  CC [M]  drivers/bcma/sprom.o
  CC [M]  drivers/soundwire/slave.o
  CC [M]  drivers/soundwire/mipi_disco.o
  CC [M]  drivers/staging/rtl8723bs/hal/rtl8723b_rf6052.o
  CC [M]  drivers/bcma/driver_chipcommon.o
  CC [M]  drivers/staging/rtl8723bs/hal/rtl8723b_rxdesc.o
  CC [M]  drivers/staging/rtl8723bs/hal/rtl8723bs_recv.o
  CC [M]  drivers/bluetooth/hci_mrvl.o
  CC [M]  drivers/bluetooth/btusb.o
  CC [M]  drivers/soundwire/stream.o
  CC [M]  drivers/bcma/driver_chipcommon_pmu.o
  CC [M]  drivers/staging/rtl8723bs/hal/rtl8723bs_xmit.o
  CC [M]  drivers/soundwire/sysfs_slave.o
  CC [M]  drivers/soundwire/sysfs_slave_dpn.o
  CC [M]  drivers/hwtracing/coresight/coresight-core.o
  CC [M]  drivers/hwtracing/coresight/coresight-etm-perf.o
  CC [M]  drivers/bcma/driver_chipcommon_b.o
  CC [M]  drivers/staging/rtl8723bs/hal/sdio_halinit.o
  CC [M]  drivers/staging/rtl8723bs/hal/sdio_ops.o
  CC [M]  drivers/soundwire/debugfs.o
  CC [M]  drivers/staging/rtl8723bs/hal/HalBtc8723b1Ant.o
  LD [M]  drivers/bcma/bcma.o
  CC [M]  drivers/staging/rtl8723bs/hal/HalBtc8723b2Ant.o
  CC [M]  drivers/staging/rtl8723bs/hal/HalHWImg8723B_BB.o
  CC [M]  drivers/bluetooth/btintel.o
  CC [M]  drivers/soundwire/irq.o
  CC [M]  drivers/hwtracing/coresight/coresight-platform.o
  CC [M]  drivers/hwtracing/coresight/coresight-sysfs.o
  CC [M]  drivers/hwtracing/coresight/coresight-syscfg.o
  CC [M]  drivers/soundwire/qcom.o
  CC [M]  drivers/hwtracing/coresight/coresight-config.o
  CC [M]  drivers/hwtracing/coresight/coresight-cfg-preload.o
  CC [M]  drivers/staging/rtl8723bs/hal/HalHWImg8723B_MAC.o
  CC [M]  drivers/staging/rtl8723bs/hal/HalHWImg8723B_RF.o
  CC [M]  drivers/hwtracing/coresight/coresight-cfg-afdo.o
  CC [M]  drivers/hwtracing/stm/core.o
  CC [M]  drivers/hwtracing/stm/policy.o
  CC [M]  drivers/staging/rtl8723bs/hal/HalPhyRf_8723B.o
  CC [M]  drivers/bluetooth/btmrvl_main.o
  LD [M]  drivers/soundwire/soundwire-bus.o
  LD [M]  drivers/soundwire/soundwire-qcom.o
  CC [M]  drivers/mux/core.o
  CC [M]  drivers/hwtracing/coresight/coresight-cfg-pstop.o
  CC [M]  drivers/hwtracing/coresight/coresight-syscfg-configfs.o
  CC [M]  drivers/bluetooth/btmrvl_debugfs.o
  CC [M]  drivers/gnss/core.o
  LD [M]  drivers/hwtracing/stm/stm_core.o
  CC [M]  drivers/bluetooth/btmrvl_sdio.o
  CC [M]  drivers/mux/mmio.o
  CC [M]  drivers/gnss/serial.o
  CC [M]  drivers/bluetooth/btqcomsmd.o
  CC [M]  drivers/hwtracing/coresight/coresight-trace-id.o
  CC [M]  drivers/staging/rtl8723bs/os_dep/ioctl_cfg80211.o
  CC [M]  drivers/bluetooth/btbcm.o
  CC [M]  drivers/gnss/mtk.o
  LD [M]  drivers/mux/mux-core.o
  LD [M]  drivers/mux/mux-mmio.o
  CC [M]  drivers/bluetooth/btrtl.o
  CC [M]  drivers/bluetooth/btqca.o
  CC [M]  drivers/hwtracing/coresight/coresight-tmc-core.o
  CC [M]  drivers/hwtracing/coresight/coresight-tmc-etf.o
  CC [M]  drivers/hwtracing/coresight/coresight-tmc-etr.o
  LD [M]  drivers/gnss/gnss.o
  LD [M]  drivers/gnss/gnss-serial.o
  LD [M]  drivers/gnss/gnss-mtk.o
  CC [M]  drivers/hwtracing/coresight/coresight-tpiu.o
  CC [M]  drivers/hwtracing/coresight/coresight-etb10.o
  CC [M]  drivers/staging/rtl8723bs/os_dep/osdep_service.o
  CC [M]  drivers/staging/rtl8723bs/os_dep/os_intfs.o
  LD [M]  drivers/bluetooth/hci_uart.o
  LD [M]  drivers/bluetooth/btmrvl.o
  CC [M]  drivers/hwtracing/coresight/coresight-funnel.o
  CC [M]  drivers/hwtracing/coresight/coresight-replicator.o
  CC [M]  drivers/hwtracing/coresight/coresight-stm.o
  CC [M]  drivers/hwtracing/coresight/coresight-cpu-debug.o
  CC [M]  drivers/staging/rtl8723bs/os_dep/sdio_intf.o
  CC [M]  drivers/staging/rtl8723bs/os_dep/sdio_ops_linux.o
  CC [M]  drivers/staging/rtl8723bs/os_dep/wifi_regd.o
  CC [M]  drivers/hwtracing/coresight/coresight-catu.o
  CC [M]  drivers/staging/rtl8723bs/os_dep/xmit_linux.o
  CC [M]  drivers/hwtracing/coresight/coresight-cti-core.o
  CC [M]  drivers/hwtracing/coresight/coresight-cti-platform.o
  CC [M]  drivers/hwtracing/coresight/coresight-cti-sysfs.o
  LD [M]  drivers/hwtracing/coresight/coresight.o
  LD [M]  drivers/hwtracing/coresight/coresight-tmc.o
  LD [M]  drivers/staging/rtl8723bs/r8723bs.o
  AR      drivers/built-in.a
  LD [M]  drivers/hwtracing/coresight/coresight-cti.o
  AR      built-in.a
  AR      vmlinux.a
  LD      vmlinux.o
  MODPOST Module.symvers
  CC      .vmlinux.export.o
  UPD     include/generated/utsversion.h
  CC      init/version-timestamp.o
  KSYMS   .tmp_vmlinux0.kallsyms.S
  AS      .tmp_vmlinux0.kallsyms.o
  LD      .tmp_vmlinux1
  CC [M]  .module-common.o
  CC [M]  drivers/video/backlight/lp855x_bl.mod.o
  CC [M]  drivers/char/ipmi/ipmi_si.mod.o
  CC [M]  drivers/spi/spi-dw-mmio.mod.o
  CC [M]  drivers/net/ethernet/qualcomm/emac/qcom-emac.mod.o
  CC [M]  drivers/net/wireless/mediatek/mt76/mt792x-lib.mod.o
  CC [M]  drivers/input/mouse/elan_i2c.mod.o
  CC [M]  drivers/input/touchscreen/atmel_mxt_ts.mod.o
  LD [M]  drivers/input/touchscreen/edt-ft5x06.ko
  CC [M]  drivers/input/touchscreen/elants_i2c.mod.o
  CC [M]  drivers/input/touchscreen/goodix_ts.mod.o
  LD [M]  drivers/input/misc/pm8xxx-vibrator.ko
  LD [M]  drivers/input/misc/pwm-beeper.ko
  LD [M]  drivers/input/misc/pwm-vibra.ko
  LD [M]  drivers/input/misc/uinput.ko
  LD [M]  drivers/input/rmi4/rmi_core.ko
  LD [M]  drivers/rtc/rtc-ds1307.ko
  LD [M]  drivers/rtc/rtc-hym8563.ko
  LD [M]  drivers/rtc/rtc-m41t80.ko
  LD [M]  drivers/rtc/rtc-mt6397.ko
  LD [M]  drivers/rtc/rtc-pcf2127.ko
  LD [M]  drivers/rtc/rtc-pcf85063.ko
  LD [M]  drivers/rtc/rtc-pcf85363.ko
  LD [M]  drivers/rtc/rtc-pm8xxx.ko
  LD [M]  drivers/rtc/rtc-rv3028.ko
  LD [M]  drivers/rtc/rtc-rv8803.ko
  LD [M]  drivers/rtc/rtc-rx8581.ko
  LD [M]  drivers/i2c/algos/i2c-algo-bit.ko
  LD [M]  drivers/i2c/busses/i2c-cadence.ko
  LD [M]  drivers/i2c/busses/i2c-gpio.ko
  LD [M]  drivers/i2c/busses/i2c-qcom-cci.ko
  LD [M]  drivers/media/i2c/imx219.ko
  LD [M]  drivers/media/i2c/ir-kbd-i2c.ko
  LD [M]  drivers/media/i2c/ov5640.ko
  LD [M]  drivers/media/i2c/ov5645.ko
  LD [M]  drivers/media/tuners/mc44s803.ko
  LD [M]  drivers/media/tuners/mt20xx.ko
  LD [M]  drivers/media/tuners/tuner-simple.ko
  LD [M]  drivers/media/tuners/tuner-types.ko
  LD [M]  drivers/media/tuners/tda18271.ko
  LD [M]  drivers/media/tuners/tda827x.ko
  LD [M]  drivers/media/tuners/tda8290.ko
  LD [M]  drivers/media/tuners/tda9887.ko
  LD [M]  drivers/media/tuners/xc2028.ko
  LD [M]  drivers/media/tuners/xc4000.ko
  LD [M]  drivers/media/tuners/xc5000.ko
  LD [M]  drivers/media/rc/keymaps/rc-adstech-dvb-t-pci.ko
  LD [M]  drivers/media/rc/keymaps/rc-alink-dtu-m.ko
  LD [M]  drivers/media/rc/keymaps/rc-anysee.ko
  LD [M]  drivers/media/rc/keymaps/rc-apac-viewcomp.ko
  LD [M]  drivers/media/rc/keymaps/rc-astrometa-t2hybrid.ko
  LD [M]  drivers/media/rc/keymaps/rc-asus-pc39.ko
  LD [M]  drivers/media/rc/keymaps/rc-asus-ps3-100.ko
  LD [M]  drivers/media/rc/keymaps/rc-ati-tv-wonder-hd-600.ko
  LD [M]  drivers/media/rc/keymaps/rc-ati-x10.ko
  LD [M]  drivers/media/rc/keymaps/rc-avermedia-a16d.ko
  LD [M]  drivers/media/rc/keymaps/rc-avermedia-cardbus.ko
  LD [M]  drivers/media/rc/keymaps/rc-avermedia-dvbt.ko
  LD [M]  drivers/media/rc/keymaps/rc-avermedia-m135a.ko
  LD [M]  drivers/media/rc/keymaps/rc-avermedia-m733a-rm-k6.ko
  LD [M]  drivers/media/rc/keymaps/rc-avermedia.ko
  LD [M]  drivers/media/rc/keymaps/rc-avermedia-rm-ks.ko
  LD [M]  drivers/media/rc/keymaps/rc-avertv-303.ko
  LD [M]  drivers/media/rc/keymaps/rc-azurewave-ad-tu700.ko
  LD [M]  drivers/media/rc/keymaps/rc-beelink-gs1.ko
  LD [M]  drivers/media/rc/keymaps/rc-beelink-mxiii.ko
  LD [M]  drivers/media/rc/keymaps/rc-behold-columbus.ko
  LD [M]  drivers/media/rc/keymaps/rc-behold.ko
  LD [M]  drivers/media/rc/keymaps/rc-budget-ci-old.ko
  LD [M]  drivers/media/rc/keymaps/rc-cinergy-1400.ko
  LD [M]  drivers/media/rc/keymaps/rc-cinergy.ko
  LD [M]  drivers/media/rc/keymaps/rc-ct-90405.ko
  LD [M]  drivers/media/rc/keymaps/rc-d680-dmb.ko
  LD [M]  drivers/media/rc/keymaps/rc-delock-61959.ko
  LD [M]  drivers/media/rc/keymaps/rc-dib0700-nec.ko
  LD [M]  drivers/media/rc/keymaps/rc-dib0700-rc5.ko
  LD [M]  drivers/media/rc/keymaps/rc-digitalnow-tinytwin.ko
  LD [M]  drivers/media/rc/keymaps/rc-digittrade.ko
  LD [M]  drivers/media/rc/keymaps/rc-dm1105-nec.ko
  LD [M]  drivers/media/rc/keymaps/rc-dntv-live-dvb-t.ko
  LD [M]  drivers/media/rc/keymaps/rc-dntv-live-dvbt-pro.ko
  LD [M]  drivers/media/rc/keymaps/rc-dreambox.ko
  LD [M]  drivers/media/rc/keymaps/rc-dtt200u.ko
  LD [M]  drivers/media/rc/keymaps/rc-dvbsky.ko
  LD [M]  drivers/media/rc/keymaps/rc-dvico-mce.ko
  LD [M]  drivers/media/rc/keymaps/rc-dvico-portable.ko
  LD [M]  drivers/media/rc/keymaps/rc-em-terratec.ko
  LD [M]  drivers/media/rc/keymaps/rc-encore-enltv2.ko
  LD [M]  drivers/media/rc/keymaps/rc-encore-enltv-fm53.ko
  LD [M]  drivers/media/rc/keymaps/rc-encore-enltv.ko
  LD [M]  drivers/media/rc/keymaps/rc-evga-indtube.ko
  LD [M]  drivers/media/rc/keymaps/rc-eztv.ko
  LD [M]  drivers/media/rc/keymaps/rc-flydvb.ko
  LD [M]  drivers/media/rc/keymaps/rc-flyvideo.ko
  LD [M]  drivers/media/rc/keymaps/rc-fusionhdtv-mce.ko
  LD [M]  drivers/media/rc/keymaps/rc-gadmei-rm008z.ko
  LD [M]  drivers/media/rc/keymaps/rc-geekbox.ko
  LD [M]  drivers/media/rc/keymaps/rc-genius-tvgo-a11mce.ko
  LD [M]  drivers/media/rc/keymaps/rc-gotview7135.ko
  LD [M]  drivers/media/rc/keymaps/rc-hauppauge.ko
  LD [M]  drivers/media/rc/keymaps/rc-hisi-poplar.ko
  LD [M]  drivers/media/rc/keymaps/rc-hisi-tv-demo.ko
  LD [M]  drivers/media/rc/keymaps/rc-imon-mce.ko
  LD [M]  drivers/media/rc/keymaps/rc-imon-pad.ko
  LD [M]  drivers/media/rc/keymaps/rc-imon-rsc.ko
  LD [M]  drivers/media/rc/keymaps/rc-iodata-bctv7e.ko
  LD [M]  drivers/media/rc/keymaps/rc-it913x-v1.ko
  LD [M]  drivers/media/rc/keymaps/rc-it913x-v2.ko
  LD [M]  drivers/media/rc/keymaps/rc-kaiomy.ko
  LD [M]  drivers/media/rc/keymaps/rc-khadas.ko
  LD [M]  drivers/media/rc/keymaps/rc-khamsin.ko
  LD [M]  drivers/media/rc/keymaps/rc-kworld-315u.ko
  LD [M]  drivers/media/rc/keymaps/rc-kworld-pc150u.ko
  LD [M]  drivers/media/rc/keymaps/rc-kworld-plus-tv-analog.ko
  LD [M]  drivers/media/rc/keymaps/rc-leadtek-y04g0051.ko
  LD [M]  drivers/media/rc/keymaps/rc-lme2510.ko
  LD [M]  drivers/media/rc/keymaps/rc-manli.ko
  LD [M]  drivers/media/rc/keymaps/rc-mecool-kiii-pro.ko
  LD [M]  drivers/media/rc/keymaps/rc-mecool-kii-pro.ko
  LD [M]  drivers/media/rc/keymaps/rc-medion-x10-digitainer.ko
  LD [M]  drivers/media/rc/keymaps/rc-medion-x10.ko
  LD [M]  drivers/media/rc/keymaps/rc-medion-x10-or2x.ko
  LD [M]  drivers/media/rc/keymaps/rc-minix-neo.ko
  LD [M]  drivers/media/rc/keymaps/rc-msi-digivox-iii.ko
  LD [M]  drivers/media/rc/keymaps/rc-msi-digivox-ii.ko
  LD [M]  drivers/media/rc/keymaps/rc-msi-tvanywhere.ko
  LD [M]  drivers/media/rc/keymaps/rc-msi-tvanywhere-plus.ko
  LD [M]  drivers/media/rc/keymaps/rc-mygica-utv3.ko
  LD [M]  drivers/media/rc/keymaps/rc-nebula.ko
  LD [M]  drivers/media/rc/keymaps/rc-nec-terratec-cinergy-xs.ko
  LD [M]  drivers/media/rc/keymaps/rc-norwood.ko
  LD [M]  drivers/media/rc/keymaps/rc-npgtech.ko
  LD [M]  drivers/media/rc/keymaps/rc-odroid.ko
  LD [M]  drivers/media/rc/keymaps/rc-pctv-sedna.ko
  LD [M]  drivers/media/rc/keymaps/rc-pine64.ko
  LD [M]  drivers/media/rc/keymaps/rc-pinnacle-color.ko
  LD [M]  drivers/media/rc/keymaps/rc-pinnacle-grey.ko
  LD [M]  drivers/media/rc/keymaps/rc-pinnacle-pctv-hd.ko
  LD [M]  drivers/media/rc/keymaps/rc-pixelview-002t.ko
  LD [M]  drivers/media/rc/keymaps/rc-pixelview-mk12.ko
  LD [M]  drivers/media/rc/keymaps/rc-pixelview-new.ko
  LD [M]  drivers/media/rc/keymaps/rc-pixelview.ko
  LD [M]  drivers/media/rc/keymaps/rc-powercolor-real-angel.ko
  LD [M]  drivers/media/rc/keymaps/rc-proteus-2309.ko
  LD [M]  drivers/media/rc/keymaps/rc-purpletv.ko
  LD [M]  drivers/media/rc/keymaps/rc-pv951.ko
  LD [M]  drivers/media/rc/keymaps/rc-rc6-mce.ko
  LD [M]  drivers/media/rc/keymaps/rc-real-audio-220-32-keys.ko
  LD [M]  drivers/media/rc/keymaps/rc-reddo.ko
  LD [M]  drivers/media/rc/keymaps/rc-siemens-gigaset-rc20.ko
  LD [M]  drivers/media/rc/keymaps/rc-snapstream-firefly.ko
  LD [M]  drivers/media/rc/keymaps/rc-streamzap.ko
  LD [M]  drivers/media/rc/keymaps/rc-su3000.ko
  LD [M]  drivers/media/rc/keymaps/rc-tanix-tx3mini.ko
  LD [M]  drivers/media/rc/keymaps/rc-tanix-tx5max.ko
  LD [M]  drivers/media/rc/keymaps/rc-tbs-nec.ko
  LD [M]  drivers/media/rc/keymaps/rc-technisat-ts35.ko
  LD [M]  drivers/media/rc/keymaps/rc-technisat-usb2.ko
  LD [M]  drivers/media/rc/keymaps/rc-terratec-cinergy-c-pci.ko
  LD [M]  drivers/media/rc/keymaps/rc-terratec-cinergy-s2-hd.ko
  LD [M]  drivers/media/rc/keymaps/rc-terratec-cinergy-xs.ko
  LD [M]  drivers/media/rc/keymaps/rc-terratec-slim-2.ko
  LD [M]  drivers/media/rc/keymaps/rc-terratec-slim.ko
  LD [M]  drivers/media/rc/keymaps/rc-tevii-nec.ko
  LD [M]  drivers/media/rc/keymaps/rc-tivo.ko
  LD [M]  drivers/media/rc/keymaps/rc-total-media-in-hand-02.ko
  LD [M]  drivers/media/rc/keymaps/rc-total-media-in-hand.ko
  LD [M]  drivers/media/rc/keymaps/rc-trekstor.ko
  LD [M]  drivers/media/rc/keymaps/rc-tt-1500.ko
  LD [M]  drivers/media/rc/keymaps/rc-twinhan1027.ko
  LD [M]  drivers/media/rc/keymaps/rc-twinhan-dtv-cab-ci.ko
  LD [M]  drivers/media/rc/keymaps/rc-vega-s9x.ko
  LD [M]  drivers/media/rc/keymaps/rc-videomate-m1f.ko
  LD [M]  drivers/media/rc/keymaps/rc-videomate-s350.ko
  LD [M]  drivers/media/rc/keymaps/rc-videomate-tv-pvr.ko
  LD [M]  drivers/media/rc/keymaps/rc-videostrong-kii-pro.ko
  LD [M]  drivers/media/rc/keymaps/rc-wetek-hub.ko
  LD [M]  drivers/media/rc/keymaps/rc-wetek-play2.ko
  LD [M]  drivers/media/rc/keymaps/rc-winfast.ko
  LD [M]  drivers/media/rc/keymaps/rc-winfast-usbii-deluxe.ko
  LD [M]  drivers/media/rc/keymaps/rc-x96max.ko
  LD [M]  drivers/media/rc/keymaps/rc-xbox-360.ko
  LD [M]  drivers/media/rc/keymaps/rc-xbox-dvd.ko
  LD [M]  drivers/media/rc/keymaps/rc-zx-irdec.ko
  LD [M]  drivers/media/rc/rc-core.ko
  LD [M]  drivers/media/common/videobuf2/videobuf2-common.ko
  LD [M]  drivers/media/common/videobuf2/videobuf2-dma-contig.ko
  LD [M]  drivers/media/common/videobuf2/videobuf2-dma-sg.ko
  LD [M]  drivers/media/common/videobuf2/videobuf2-memops.ko
  LD [M]  drivers/media/common/videobuf2/videobuf2-v4l2.ko
  LD [M]  drivers/media/common/videobuf2/videobuf2-vmalloc.ko
  LD [M]  drivers/media/common/uvc.ko
  LD [M]  drivers/media/platform/qcom/camss/qcom-camss.ko
  LD [M]  drivers/media/platform/qcom/venus/venus-core.ko
  LD [M]  drivers/media/platform/qcom/venus/venus-dec.ko
  LD [M]  drivers/media/platform/qcom/venus/venus-enc.ko
  LD [M]  drivers/media/usb/uvc/uvcvideo.ko
  LD [M]  drivers/media/mc/mc.ko
  LD [M]  drivers/media/v4l2-core/v4l2-async.ko
  LD [M]  drivers/media/v4l2-core/v4l2-cci.ko
  LD [M]  drivers/media/v4l2-core/v4l2-fwnode.ko
  LD [M]  drivers/media/v4l2-core/v4l2-mem2mem.ko
  LD [M]  drivers/media/v4l2-core/v4l2-dv-timings.ko
  LD [M]  drivers/media/v4l2-core/videodev.ko
  LD [M]  drivers/media/dvb-core/dvb-core.ko
  LD [M]  drivers/power/reset/qcom-pon.ko
  LD [M]  drivers/power/supply/sbs-battery.ko
  CC [M]  drivers/power/supply/max17042_battery.mod.o
  LD [M]  drivers/power/supply/mt6360_charger.ko
  CC [M]  drivers/power/supply/bq25890_charger.mod.o
  LD [M]  drivers/power/supply/bq25980_charger.ko
  LD [M]  drivers/power/supply/cros_usbpd-charger.ko
  LD [M]  drivers/hwmon/gpio-fan.ko
  LD [M]  drivers/hwmon/ina2xx.ko
  LD [M]  drivers/hwmon/ina3221.ko
  LD [M]  drivers/hwmon/jc42.ko
  LD [M]  drivers/hwmon/lm75.ko
  LD [M]  drivers/hwmon/lm90.ko
  LD [M]  drivers/hwmon/pwm-fan.ko
  LD [M]  drivers/thermal/qcom/qcom_tsens.ko
  LD [M]  drivers/thermal/qcom/qcom-spmi-adc-tm5.ko
  LD [M]  drivers/thermal/qcom/qcom-spmi-temp-alarm.ko
  LD [M]  drivers/thermal/qcom/lmh.ko
  LD [M]  drivers/watchdog/pm8916_wdt.ko
  LD [M]  drivers/md/md-mod.ko
  LD [M]  drivers/md/dm-bufio.ko
  LD [M]  drivers/md/dm-bio-prison.ko
  LD [M]  drivers/md/persistent-data/dm-persistent-data.ko
  LD [M]  drivers/md/dm-mirror.ko
  LD [M]  drivers/md/dm-log.ko
  LD [M]  drivers/md/dm-region-hash.ko
  LD [M]  drivers/md/dm-zero.ko
  LD [M]  drivers/md/dm-thin-pool.ko
  LD [M]  drivers/cpufreq/cpufreq_powersave.ko
  LD [M]  drivers/cpufreq/cpufreq_conservative.ko
  LD [M]  drivers/crypto/ccree/ccree.ko
  LD [M]  drivers/crypto/qcom-rng.ko
  LD [M]  drivers/hid/uhid.ko
  LD [M]  drivers/hid/hid-logitech.ko
  LD [M]  drivers/hid/hid-lg-g15.ko
  LD [M]  drivers/hid/hid-multitouch.ko
  LD [M]  drivers/hid/hid-rmi.ko
  LD [M]  drivers/staging/media/max96712/max96712.ko
  LD [M]  drivers/staging/rtl8723bs/r8723bs.ko
  LD [M]  drivers/platform/chrome/cros_ec_chardev.ko
  LD [M]  drivers/platform/chrome/cros_usbpd_logger.ko
  LD [M]  drivers/remoteproc/qcom_q6v5_adsp.ko
  LD [M]  drivers/remoteproc/qcom_q6v5_pas.ko
  LD [M]  drivers/remoteproc/qcom_wcnss_pil.ko
  LD [M]  drivers/rpmsg/rpmsg_ctrl.ko
  LD [M]  drivers/devfreq/governor_performance.ko
  LD [M]  drivers/devfreq/governor_userspace.ko
  LD [M]  drivers/extcon/extcon-ptn5150.ko
  LD [M]  drivers/iio/adc/max9611.ko
  LD [M]  drivers/iio/adc/qcom-spmi-adc5.ko
  LD [M]  drivers/iio/adc/qcom-vadc-common.ko
  LD [M]  drivers/iio/adc/ti-ads1015.ko
  LD [M]  drivers/iio/buffer/industrialio-triggered-buffer.ko
  LD [M]  drivers/iio/buffer/kfifo_buf.ko
  LD [M]  drivers/iio/common/cros_ec_sensors/cros-ec-sensors-core.ko
  LD [M]  drivers/iio/common/cros_ec_sensors/cros_ec_sensors.ko
  LD [M]  drivers/iio/common/st_sensors/st_sensors_i2c.ko
  LD [M]  drivers/iio/common/st_sensors/st_sensors_spi.ko
  LD [M]  drivers/iio/common/st_sensors/st_sensors.ko
  LD [M]  drivers/iio/imu/st_lsm6dsx/st_lsm6dsx.ko
  LD [M]  drivers/iio/imu/st_lsm6dsx/st_lsm6dsx_i2c.ko
  LD [M]  drivers/iio/imu/st_lsm6dsx/st_lsm6dsx_spi.ko
  LD [M]  drivers/iio/light/apds9960.ko
  LD [M]  drivers/iio/light/cros_ec_light_prox.ko
  LD [M]  drivers/iio/light/isl29018.ko
  LD [M]  drivers/iio/light/tsl2563.ko
  LD [M]  drivers/iio/light/vcnl4000.ko
  LD [M]  drivers/iio/magnetometer/st_magn.ko
  LD [M]  drivers/iio/magnetometer/st_magn_i2c.ko
  LD [M]  drivers/iio/magnetometer/st_magn_spi.ko
  LD [M]  drivers/iio/pressure/cros_ec_baro.ko
  LD [M]  drivers/iio/pressure/mpl3115.ko
  LD [M]  drivers/perf/arm-cci.ko
  LD [M]  drivers/perf/arm-ccn.ko
  CC [M]  drivers/perf/arm-cmn.mod.o
  CC [M]  drivers/perf/arm_dsu_pmu.mod.o
  LD [M]  drivers/perf/arm_spe_pmu.ko
  LD [M]  drivers/nvmem/nvmem-rmem.ko
  LD [M]  drivers/slimbus/slimbus.ko
  LD [M]  drivers/slimbus/slim-qcom-ngd-ctrl.ko
  CC [M]  drivers/bluetooth/hci_uart.mod.o
  LD [M]  drivers/bluetooth/btusb.ko
  LD [M]  drivers/bluetooth/btintel.ko
  LD [M]  drivers/bluetooth/btmrvl.ko
  LD [M]  drivers/bluetooth/btmrvl_sdio.ko
  LD [M]  drivers/bluetooth/btqcomsmd.ko
  LD [M]  drivers/bluetooth/btbcm.ko
  LD [M]  drivers/bluetooth/btrtl.ko
  LD [M]  drivers/bluetooth/btqca.ko
  LD [M]  drivers/ssb/ssb.ko
  LD [M]  drivers/bcma/bcma.ko
  LD [M]  drivers/soundwire/soundwire-bus.ko
  LD [M]  drivers/soundwire/soundwire-qcom.ko
  LD [M]  drivers/hwtracing/coresight/coresight.ko
  CC [M]  drivers/hwtracing/coresight/coresight-tmc.mod.o
  CC [M]  drivers/hwtracing/coresight/coresight-tpiu.mod.o
  LD [M]  drivers/hwtracing/coresight/coresight-etb10.ko
  CC [M]  drivers/hwtracing/coresight/coresight-funnel.mod.o
  CC [M]  drivers/hwtracing/coresight/coresight-replicator.mod.o
  CC [M]  drivers/hwtracing/coresight/coresight-stm.mod.o
  CC [M]  drivers/hwtracing/coresight/coresight-cpu-debug.mod.o
  CC [M]  drivers/hwtracing/coresight/coresight-catu.mod.o
  LD [M]  drivers/hwtracing/coresight/coresight-cti.ko
  LD [M]  drivers/hwtracing/stm/stm_core.ko
  LD [M]  drivers/mux/mux-core.ko
  LD [M]  drivers/mux/mux-mmio.ko
  LD [M]  drivers/gnss/gnss.ko
  LD [M]  drivers/gnss/gnss-serial.ko
  LD [M]  drivers/gnss/gnss-mtk.ko
  LD [M]  sound/core/snd-hwdep.ko
  LD [M]  sound/core/snd-hrtimer.ko
  LD [M]  sound/core/snd-seq-device.ko
  LD [M]  sound/core/snd-rawmidi.ko
  LD [M]  sound/core/seq/snd-seq.ko
  LD [M]  sound/core/seq/snd-seq-dummy.ko
  LD [M]  sound/core/seq/snd-seq-midi.ko
  LD [M]  sound/core/seq/snd-seq-midi-event.ko
  LD [M]  sound/core/seq/snd-seq-virmidi.ko
  LD [M]  sound/drivers/snd-aloop.ko
  LD [M]  sound/drivers/snd-virmidi.ko
  LD [M]  sound/usb/snd-usb-audio.ko
  LD [M]  sound/usb/snd-usbmidi-lib.ko
  CC [M]  sound/soc/codecs/snd-soc-adau7002.mod.o
  LD [M]  sound/soc/codecs/snd-soc-ak4613.ko
  CC [M]  sound/soc/codecs/snd-soc-cros-ec-codec.mod.o
  LD [M]  sound/soc/codecs/snd-soc-es7134.ko
  LD [M]  sound/soc/codecs/snd-soc-es7241.ko
  LD [M]  sound/soc/codecs/snd-soc-gtm601.ko
  CC [M]  sound/soc/codecs/snd-soc-max98357a.mod.o
  CC [M]  sound/soc/codecs/snd-soc-max98927.mod.o
  LD [M]  sound/soc/codecs/snd-soc-msm8916-analog.ko
  LD [M]  sound/soc/codecs/snd-soc-msm8916-digital.ko
  LD [M]  sound/soc/codecs/snd-soc-nau8822.ko
  LD [M]  sound/soc/codecs/snd-soc-hdmi-codec.ko
  LD [M]  sound/soc/codecs/snd-soc-pcm3168a.ko
  LD [M]  sound/soc/codecs/snd-soc-pcm3168a-i2c.ko
  LD [M]  sound/soc/codecs/snd-soc-rl6231.ko
  CC [M]  sound/soc/codecs/snd-soc-rt5659.mod.o
  LD [M]  sound/soc/codecs/snd-soc-rt5682.ko
  LD [M]  sound/soc/codecs/snd-soc-rt5682-i2c.ko
  LD [M]  sound/soc/codecs/snd-soc-rt5682s.ko
  LD [M]  sound/soc/codecs/snd-soc-tas571x.ko
  LD [M]  sound/soc/codecs/snd-soc-tlv320aic32x4.ko
  LD [M]  sound/soc/codecs/snd-soc-tlv320aic32x4-i2c.ko
  LD [M]  sound/soc/codecs/snd-soc-wcd-classh.ko
  LD [M]  sound/soc/codecs/snd-soc-wcd-common.ko
  LD [M]  sound/soc/codecs/snd-soc-wcd-mbhc.ko
  LD [M]  sound/soc/codecs/snd-soc-wcd9335.ko
  LD [M]  sound/soc/codecs/snd-soc-wcd934x.ko
  LD [M]  sound/soc/codecs/snd-soc-wcd938x.ko
  LD [M]  sound/soc/codecs/snd-soc-wcd938x-sdw.ko
  LD [M]  sound/soc/codecs/snd-soc-wm8524.ko
  LD [M]  sound/soc/codecs/snd-soc-wm8904.ko
  CC [M]  sound/soc/codecs/snd-soc-wm8960.mod.o
  LD [M]  sound/soc/codecs/snd-soc-wm8962.ko
  LD [M]  sound/soc/codecs/snd-soc-wm8978.ko
  LD [M]  sound/soc/codecs/snd-soc-wsa881x.ko
  LD [M]  sound/soc/codecs/snd-soc-simple-amplifier.ko
  LD [M]  sound/soc/codecs/snd-soc-lpass-macro-common.ko
  LD [M]  sound/soc/codecs/snd-soc-lpass-wsa-macro.ko
  LD [M]  sound/soc/codecs/snd-soc-lpass-va-macro.ko
  LD [M]  sound/soc/codecs/snd-soc-lpass-rx-macro.ko
  LD [M]  sound/soc/codecs/snd-soc-lpass-tx-macro.ko
  LD [M]  sound/soc/codecs/snd-soc-simple-mux.ko
  LD [M]  sound/soc/generic/snd-soc-audio-graph-card.ko
  LD [M]  sound/soc/generic/snd-soc-audio-graph-card2.ko
  LD [M]  sound/soc/fsl/snd-soc-fsl-asrc.ko
  LD [M]  sound/soc/fsl/snd-soc-fsl-micfil.ko
  LD [M]  sound/soc/fsl/snd-soc-fsl-utils.ko
  LD [M]  sound/soc/fsl/snd-soc-fsl-easrc.ko
  LD [M]  sound/soc/qcom/snd-soc-lpass-cpu.ko
  LD [M]  sound/soc/qcom/snd-soc-lpass-hdmi.ko
  LD [M]  sound/soc/qcom/snd-soc-lpass-platform.ko
  LD [M]  sound/soc/qcom/snd-soc-lpass-sc7180.ko
  LD [M]  sound/soc/qcom/snd-soc-sc7180.ko
  LD [M]  sound/soc/qcom/snd-soc-sm8250.ko
  LD [M]  sound/soc/qcom/snd-soc-qcom-common.ko
  LD [M]  sound/soc/qcom/snd-soc-qcom-sdw.ko
  LD [M]  sound/soc/qcom/qdsp6/snd-q6dsp-common.ko
  LD [M]  sound/soc/qcom/qdsp6/q6core.ko
  LD [M]  sound/soc/qcom/qdsp6/q6afe.ko
  LD [M]  sound/soc/qcom/qdsp6/q6afe-dai.ko
  LD [M]  sound/soc/qcom/qdsp6/q6afe-clocks.ko
  LD [M]  sound/soc/qcom/qdsp6/q6adm.ko
  LD [M]  sound/soc/qcom/qdsp6/q6routing.ko
  LD [M]  sound/soc/qcom/qdsp6/q6asm.ko
  LD [M]  sound/soc/qcom/qdsp6/q6asm-dai.ko
  LD [M]  sound/soc/qcom/qdsp6/snd-q6apm.ko
  LD [M]  sound/soc/qcom/qdsp6/q6apm-dai.ko
  LD [M]  sound/soc/qcom/qdsp6/q6apm-lpass-dais.ko
  LD [M]  sound/soc/qcom/qdsp6/q6prm.ko
  LD [M]  sound/soc/qcom/qdsp6/q6prm-clocks.ko
  LD [M]  sound/virtio/virtio_snd.ko
  LD [M]  net/core/selftests.ko
  LD [M]  net/802/psnap.ko
  LD [M]  net/802/stp.ko
  LD [M]  net/802/garp.ko
  LD [M]  net/802/mrp.ko
  LD [M]  net/sched/act_gact.ko
  LD [M]  net/sched/act_mirred.ko
  LD [M]  net/sched/act_gate.ko
  LD [M]  net/sched/sch_ingress.ko
  LD [M]  net/sched/sch_mqprio.ko
  LD [M]  net/sched/sch_mqprio_lib.ko
  LD [M]  net/sched/sch_cbs.ko
  LD [M]  net/sched/sch_etf.ko
  LD [M]  net/sched/sch_taprio.ko
  LD [M]  net/sched/cls_basic.ko
  LD [M]  net/sched/cls_cgroup.ko
  LD [M]  net/sched/cls_flower.ko
  LD [M]  net/netlink/netlink_diag.ko
  LD [M]  net/netfilter/nfnetlink.ko
  LD [M]  net/netfilter/nfnetlink_acct.ko
  LD [M]  net/netfilter/nfnetlink_queue.ko
  LD [M]  net/netfilter/nfnetlink_log.ko
  LD [M]  net/netfilter/nfnetlink_osf.ko
  LD [M]  net/netfilter/nf_conntrack.ko
  LD [M]  net/netfilter/nf_conntrack_netlink.ko
  LD [M]  net/netfilter/nfnetlink_cttimeout.ko
  LD [M]  net/netfilter/nfnetlink_cthelper.ko
  LD [M]  net/netfilter/nf_conntrack_amanda.ko
  LD [M]  net/netfilter/nf_conntrack_ftp.ko
  LD [M]  net/netfilter/nf_conntrack_h323.ko
  LD [M]  net/netfilter/nf_conntrack_irc.ko
  LD [M]  net/netfilter/nf_conntrack_broadcast.ko
  LD [M]  net/netfilter/nf_conntrack_netbios_ns.ko
  LD [M]  net/netfilter/nf_conntrack_snmp.ko
  LD [M]  net/netfilter/nf_conntrack_pptp.ko
  LD [M]  net/netfilter/nf_conntrack_sane.ko
  LD [M]  net/netfilter/nf_conntrack_sip.ko
  LD [M]  net/netfilter/nf_conntrack_tftp.ko
  LD [M]  net/netfilter/nf_log_syslog.ko
  LD [M]  net/netfilter/nf_nat.ko
  LD [M]  net/netfilter/nf_nat_amanda.ko
  LD [M]  net/netfilter/nf_nat_ftp.ko
  LD [M]  net/netfilter/nf_nat_irc.ko
  LD [M]  net/netfilter/nf_nat_sip.ko
  LD [M]  net/netfilter/nf_nat_tftp.ko
  LD [M]  net/netfilter/nf_synproxy_core.ko
  LD [M]  net/netfilter/nf_conncount.ko
  LD [M]  net/netfilter/nf_dup_netdev.ko
  LD [M]  net/netfilter/nf_tables.ko
  LD [M]  net/netfilter/nft_compat.ko
  LD [M]  net/netfilter/nft_connlimit.ko
  LD [M]  net/netfilter/nft_numgen.ko
  LD [M]  net/netfilter/nft_ct.ko
  LD [M]  net/netfilter/nft_flow_offload.ko
  LD [M]  net/netfilter/nft_limit.ko
  LD [M]  net/netfilter/nft_nat.ko
  LD [M]  net/netfilter/nft_queue.ko
  LD [M]  net/netfilter/nft_quota.ko
  LD [M]  net/netfilter/nft_reject.ko
  LD [M]  net/netfilter/nft_reject_inet.ko
  LD [M]  net/netfilter/nft_reject_netdev.ko
  LD [M]  net/netfilter/nft_tunnel.ko
  LD [M]  net/netfilter/nft_log.ko
  LD [M]  net/netfilter/nft_masq.ko
  LD [M]  net/netfilter/nft_redir.ko
  LD [M]  net/netfilter/nft_hash.ko
  LD [M]  net/netfilter/nft_fib.ko
  LD [M]  net/netfilter/nft_fib_inet.ko
  LD [M]  net/netfilter/nft_fib_netdev.ko
  LD [M]  net/netfilter/nft_socket.ko
  LD [M]  net/netfilter/nft_osf.ko
  LD [M]  net/netfilter/nft_tproxy.ko
  LD [M]  net/netfilter/nft_xfrm.ko
  LD [M]  net/netfilter/nft_synproxy.ko
  LD [M]  net/netfilter/nft_chain_nat.ko
  LD [M]  net/netfilter/nft_dup_netdev.ko
  LD [M]  net/netfilter/nft_fwd_netdev.ko
  LD [M]  net/netfilter/nf_flow_table.ko
  LD [M]  net/netfilter/nf_flow_table_inet.ko
  LD [M]  net/netfilter/x_tables.ko
  LD [M]  net/netfilter/xt_tcpudp.ko
  LD [M]  net/netfilter/xt_mark.ko
  LD [M]  net/netfilter/xt_connmark.ko
  LD [M]  net/netfilter/xt_nat.ko
  LD [M]  net/netfilter/xt_AUDIT.ko
  LD [M]  net/netfilter/xt_CHECKSUM.ko
  LD [M]  net/netfilter/xt_CLASSIFY.ko
  LD [M]  net/netfilter/xt_CT.ko
  LD [M]  net/netfilter/xt_DSCP.ko
  LD [M]  net/netfilter/xt_HL.ko
  LD [M]  net/netfilter/xt_HMARK.ko
  LD [M]  net/netfilter/xt_LED.ko
  LD [M]  net/netfilter/xt_LOG.ko
  LD [M]  net/netfilter/xt_NETMAP.ko
  LD [M]  net/netfilter/xt_NFLOG.ko
  LD [M]  net/netfilter/xt_NFQUEUE.ko
  LD [M]  net/netfilter/xt_RATEEST.ko
  LD [M]  net/netfilter/xt_REDIRECT.ko
  LD [M]  net/netfilter/xt_MASQUERADE.ko
  LD [M]  net/netfilter/xt_TPROXY.ko
  LD [M]  net/netfilter/xt_TCPMSS.ko
  LD [M]  net/netfilter/xt_TCPOPTSTRIP.ko
  LD [M]  net/netfilter/xt_TEE.ko
  LD [M]  net/netfilter/xt_IDLETIMER.ko
  LD [M]  net/netfilter/xt_addrtype.ko
  LD [M]  net/netfilter/xt_bpf.ko
  LD [M]  net/netfilter/xt_cluster.ko
  LD [M]  net/netfilter/xt_comment.ko
  LD [M]  net/netfilter/xt_connbytes.ko
  LD [M]  net/netfilter/xt_connlabel.ko
  LD [M]  net/netfilter/xt_connlimit.ko
  LD [M]  net/netfilter/xt_conntrack.ko
  LD [M]  net/netfilter/xt_cpu.ko
  LD [M]  net/netfilter/xt_dccp.ko
  LD [M]  net/netfilter/xt_devgroup.ko
  LD [M]  net/netfilter/xt_dscp.ko
  LD [M]  net/netfilter/xt_ecn.ko
  LD [M]  net/netfilter/xt_esp.ko
  LD [M]  net/netfilter/xt_hashlimit.ko
  LD [M]  net/netfilter/xt_helper.ko
  LD [M]  net/netfilter/xt_hl.ko
  LD [M]  net/netfilter/xt_ipcomp.ko
  LD [M]  net/netfilter/xt_iprange.ko
  LD [M]  net/netfilter/xt_ipvs.ko
  LD [M]  net/netfilter/xt_l2tp.ko
  LD [M]  net/netfilter/xt_length.ko
  LD [M]  net/netfilter/xt_limit.ko
  LD [M]  net/netfilter/xt_mac.ko
  LD [M]  net/netfilter/xt_multiport.ko
  LD [M]  net/netfilter/xt_nfacct.ko
  LD [M]  net/netfilter/xt_osf.ko
  LD [M]  net/netfilter/xt_owner.ko
  LD [M]  net/netfilter/xt_cgroup.ko
  LD [M]  net/netfilter/xt_physdev.ko
  LD [M]  net/netfilter/xt_pkttype.ko
  LD [M]  net/netfilter/xt_policy.ko
  LD [M]  net/netfilter/xt_quota.ko
  LD [M]  net/netfilter/xt_rateest.ko
  LD [M]  net/netfilter/xt_realm.ko
  LD [M]  net/netfilter/xt_recent.ko
  LD [M]  net/netfilter/xt_sctp.ko
  LD [M]  net/netfilter/xt_socket.ko
  NM      .tmp_vmlinux1.syms
  LD [M]  net/netfilter/xt_state.ko
  LD [M]  net/netfilter/xt_statistic.ko
  LD [M]  net/netfilter/xt_string.ko
  LD [M]  net/netfilter/xt_tcpmss.ko
  LD [M]  net/netfilter/xt_time.ko
  LD [M]  net/netfilter/xt_u32.ko
  LD [M]  net/netfilter/ipvs/ip_vs.ko
  LD [M]  net/netfilter/ipvs/ip_vs_rr.ko
  LD [M]  net/ipv4/netfilter/nf_defrag_ipv4.ko
  LD [M]  net/ipv4/netfilter/nf_socket_ipv4.ko
  LD [M]  net/ipv4/netfilter/nf_tproxy_ipv4.ko
  LD [M]  net/ipv4/netfilter/nf_reject_ipv4.ko
  LD [M]  net/ipv4/netfilter/nf_nat_h323.ko
  LD [M]  net/ipv4/netfilter/nf_nat_pptp.ko
  LD [M]  net/ipv4/netfilter/nf_nat_snmp_basic.ko
  LD [M]  net/ipv4/netfilter/nft_reject_ipv4.ko
  LD [M]  net/ipv4/netfilter/nft_fib_ipv4.ko
  LD [M]  net/ipv4/netfilter/ipt_ah.ko
  LD [M]  net/ipv4/netfilter/ipt_rpfilter.ko
  LD [M]  net/ipv4/netfilter/ipt_ECN.ko
  LD [M]  net/ipv4/netfilter/ipt_REJECT.ko
  LD [M]  net/ipv4/netfilter/ipt_SYNPROXY.ko
  LD [M]  net/ipv4/netfilter/arpt_mangle.ko
  LD [M]  net/ipv4/netfilter/nf_dup_ipv4.ko
  LD [M]  net/ipv4/ip_tunnel.ko
  LD [M]  net/ipv4/udp_tunnel.ko
  LD [M]  net/ipv4/esp4.ko
  LD [M]  net/ipv4/tunnel4.ko
  LD [M]  net/xfrm/xfrm_algo.ko
  LD [M]  net/xfrm/xfrm_user.ko
  LD [M]  net/ipv6/netfilter/nf_defrag_ipv6.ko
  LD [M]  net/ipv6/netfilter/nf_socket_ipv6.ko
  LD [M]  net/ipv6/netfilter/nf_tproxy_ipv6.ko
  LD [M]  net/ipv6/netfilter/nf_reject_ipv6.ko
  LD [M]  net/ipv6/netfilter/nf_dup_ipv6.ko
  LD [M]  net/ipv6/netfilter/nft_reject_ipv6.ko
  LD [M]  net/ipv6/netfilter/nft_fib_ipv6.ko
  LD [M]  net/ipv6/netfilter/ip6t_ah.ko
  LD [M]  net/ipv6/netfilter/ip6t_eui64.ko
  LD [M]  net/ipv6/netfilter/ip6t_frag.ko
  LD [M]  net/ipv6/netfilter/ip6t_ipv6header.ko
  LD [M]  net/ipv6/netfilter/ip6t_mh.ko
  LD [M]  net/ipv6/netfilter/ip6t_hbh.ko
  LD [M]  net/ipv6/netfilter/ip6t_rpfilter.ko
  LD [M]  net/ipv6/netfilter/ip6t_rt.ko
  LD [M]  net/ipv6/netfilter/ip6t_srh.ko
  LD [M]  net/ipv6/netfilter/ip6t_NPT.ko
  LD [M]  net/ipv6/netfilter/ip6t_REJECT.ko
  LD [M]  net/ipv6/netfilter/ip6t_SYNPROXY.ko
  LD [M]  net/ipv6/ipv6.ko
  LD [M]  net/ipv6/sit.ko
  LD [M]  net/ipv6/ip6_udp_tunnel.ko
  LD [M]  net/packet/af_packet_diag.ko
  LD [M]  net/dsa/dsa_core.ko
  LD [M]  net/dsa/tag_brcm.ko
  LD [M]  net/dsa/tag_none.ko
  LD [M]  net/8021q/8021q.ko
  LD [M]  net/wireless/cfg80211.ko
  LD [M]  net/qrtr/qrtr-mhi.ko
  LD [M]  net/llc/llc.ko
  LD [M]  net/bridge/netfilter/nft_meta_bridge.ko
  LD [M]  net/bridge/netfilter/nft_reject_bridge.ko
  LD [M]  net/bridge/netfilter/nf_conntrack_bridge.ko
  LD [M]  net/bridge/netfilter/ebt_802_3.ko
  LD [M]  net/bridge/netfilter/ebt_among.ko
  LD [M]  net/bridge/netfilter/ebt_arp.ko
  LD [M]  net/bridge/netfilter/ebt_ip.ko
  LD [M]  net/bridge/netfilter/ebt_ip6.ko
  LD [M]  net/bridge/netfilter/ebt_limit.ko
  LD [M]  net/bridge/netfilter/ebt_mark_m.ko
  LD [M]  net/bridge/netfilter/ebt_pkttype.ko
  LD [M]  net/bridge/netfilter/ebt_stp.ko
  LD [M]  net/bridge/netfilter/ebt_vlan.ko
  LD [M]  net/bridge/netfilter/ebt_arpreply.ko
  LD [M]  net/bridge/netfilter/ebt_mark.ko
  LD [M]  net/bridge/netfilter/ebt_dnat.ko
  LD [M]  net/bridge/netfilter/ebt_redirect.ko
  LD [M]  net/bridge/netfilter/ebt_snat.ko
  LD [M]  net/bridge/netfilter/ebt_log.ko
  LD [M]  net/bridge/netfilter/ebt_nflog.ko
  LD [M]  net/bridge/bridge.ko
  LD [M]  net/bridge/br_netfilter.ko
  LD [M]  net/can/can.ko
  LD [M]  net/can/can-raw.ko
  LD [M]  net/can/can-bcm.ko
  LD [M]  net/can/can-gw.ko
  LD [M]  net/bluetooth/bluetooth.ko
  LD [M]  net/bluetooth/rfcomm/rfcomm.ko
  LD [M]  net/bluetooth/bnep/bnep.ko
  LD [M]  net/bluetooth/hidp/hidp.ko
  LD [M]  net/mac80211/mac80211.ko
  LD [M]  net/rfkill/rfkill.ko
  LD [M]  net/nfc/nfc.ko
  LD [M]  net/nfc/nci/nci.ko
  CC [M]  drivers/net/mdio/acpi_mdio.mod.o
  LD [M]  arch/arm64/crypto/sha3-ce.ko
  LD [M]  arch/arm64/crypto/sm3-ce.ko
  LD [M]  fs/quota/quota_v1.ko
  LD [M]  fs/quota/quota_v2.ko
  LD [M]  fs/quota/quota_tree.ko
  LD [M]  fs/fat/msdos.ko
  LD [M]  fs/nls/nls_utf8.ko
  LD [M]  fs/nls/nls_ucs2_utils.ko
  LD [M]  fs/binfmt_misc.ko
  LD [M]  fs/netfs/netfs.ko
  LD [M]  fs/exfat/exfat.ko
  LD [M]  fs/isofs/isofs.ko
  LD [M]  fs/hfsplus/hfsplus.ko
  LD [M]  fs/hfs/hfs.ko
  LD [M]  fs/smb/common/cifs_md4.ko
  LD [M]  fs/smb/client/cifs.ko
  LD [M]  fs/ntfs3/ntfs3.ko
  LD [M]  fs/autofs/autofs4.ko
  LD [M]  fs/fuse/fuse.ko
  LD [M]  fs/fuse/cuse.ko
  LD [M]  fs/fuse/virtiofs.ko
  LD [M]  fs/overlayfs/overlay.ko
  LD [M]  fs/udf/udf.ko
  LD [M]  fs/f2fs/f2fs.ko
  LD [M]  crypto/asymmetric_keys/pkcs8_key_parser.ko
  LD [M]  crypto/seqiv.ko
  LD [M]  crypto/sha1.ko
  LD [M]  crypto/sm3_generic.ko
  LD [M]  crypto/ctr.ko
  LD [M]  crypto/gcm.ko
  LD [M]  crypto/ccm.ko
  LD [M]  crypto/des_generic.ko
  LD [M]  crypto/sm4.ko
  LD [M]  crypto/sm4_generic.ko
  LD [M]  crypto/michael_mic.ko
  LD [M]  crypto/crc32-cryptoapi.ko
  LD [M]  crypto/ghash-generic.ko
  LD [M]  crypto/algif_rng.ko
  LD [M]  crypto/ecc.ko
  LD [M]  crypto/ecdh_generic.ko
  LD [M]  lib/math/cordic.ko
  LD [M]  lib/crc/crc16.ko
  LD [M]  lib/crypto/libchacha20poly1305.ko
  LD [M]  lib/crypto/libcurve25519.ko
  LD [M]  lib/crypto/libdes.ko
  LD [M]  lib/crypto/libsm3.ko
  LD [M]  lib/ts_kmp.ko
  LD [M]  lib/ts_bm.ko
  LD [M]  lib/ts_fsm.ko
  LD [M]  drivers/bus/mhi/host/mhi.ko
  LD [M]  drivers/phy/cadence/phy-cadence-torrent.ko
  LD [M]  drivers/phy/cadence/phy-cadence-sierra.ko
  LD [M]  drivers/phy/qualcomm/phy-qcom-edp.ko
  LD [M]  drivers/phy/qualcomm/phy-qcom-pcie2.ko
  LD [M]  drivers/phy/qualcomm/phy-qcom-usb-hs.ko
  LD [M]  drivers/phy/qualcomm/phy-qcom-usb-hs-28nm.ko
  LD [M]  drivers/phy/qualcomm/phy-qcom-usb-ss.ko
  LD [M]  drivers/pinctrl/qcom/pinctrl-sc7280-lpass-lpi.ko
  LD [M]  drivers/pinctrl/qcom/pinctrl-lpass-lpi.ko
  LD [M]  drivers/gpio/gpio-altera.ko
  LD [M]  drivers/gpio/gpio-bd9571mwv.ko
  LD [M]  drivers/gpio/gpio-wcd934x.ko
  LD [M]  drivers/leds/trigger/ledtrig-oneshot.ko
  LD [M]  drivers/leds/trigger/ledtrig-backlight.ko
  LD [M]  drivers/leds/trigger/ledtrig-gpio.ko
  LD [M]  drivers/leds/trigger/ledtrig-activity.ko
  LD [M]  drivers/leds/trigger/ledtrig-transient.ko
  LD [M]  drivers/leds/trigger/ledtrig-camera.ko
  LD [M]  drivers/leds/trigger/ledtrig-netdev.ko
  LD [M]  drivers/leds/trigger/ledtrig-pattern.ko
  LD [M]  drivers/leds/trigger/ledtrig-tty.ko
  LD [M]  drivers/leds/led-class-multicolor.ko
  LD [M]  drivers/leds/leds-cros_ec.ko
  LD [M]  drivers/leds/leds-lm3692x.ko
  LD [M]  drivers/leds/leds-pca9532.ko
  LD [M]  drivers/leds/rgb/leds-qcom-lpg.ko
  LD [M]  drivers/video/backlight/lp855x_bl.ko
  LD [M]  drivers/video/fbdev/udlfb.ko
  LD [M]  drivers/char/ipmi/ipmi_msghandler.ko
  LD [M]  drivers/char/ipmi/ipmi_devintf.ko
  LD [M]  drivers/char/ipmi/ipmi_si.ko
  LD [M]  drivers/clk/qcom/lpass-gfm-sm8250.ko
  LD [M]  drivers/clk/clk-bd718x7.ko
  LD [M]  drivers/dma/qcom/gpi.ko
  LD [M]  drivers/soc/qcom/pdr_interface.ko
  LD [M]  drivers/soc/qcom/spm.ko
  LD [M]  drivers/soc/qcom/qcom_stats.ko
  LD [M]  drivers/soc/qcom/wcnss_ctrl.ko
  LD [M]  drivers/soc/qcom/apr.ko
  LD [M]  drivers/soc/qcom/icc-bwmon.ko
  LD [M]  drivers/soc/qcom/ubwc_config.ko
  LD [M]  drivers/virtio/virtio_input.ko
  LD [M]  drivers/virtio/virtio_dma_buf.ko
  LD [M]  drivers/regulator/tps65132-regulator.ko
  LD [M]  drivers/regulator/vctrl-regulator.ko
  LD [M]  drivers/gpu/drm/clients/drm_client_lib.ko
  LD [M]  drivers/gpu/drm/panel/panel-boe-tv101wum-nl6.ko
  LD [M]  drivers/gpu/drm/panel/panel-lvds.ko
  LD [M]  drivers/gpu/drm/panel/panel-innolux-p079zca.ko
  LD [M]  drivers/gpu/drm/panel/panel-kingdisplay-kd097d04.ko
  LD [M]  drivers/gpu/drm/panel/panel-mantix-mlaf057we51.ko
  LD [M]  drivers/gpu/drm/panel/panel-raydium-rm67191.ko
  LD [M]  drivers/gpu/drm/panel/panel-sitronix-st7703.ko
  LD [M]  drivers/gpu/drm/panel/panel-truly-nt35597.ko
  LD [M]  drivers/gpu/drm/bridge/cadence/cdns-mhdp8546.ko
  LD [M]  drivers/gpu/drm/bridge/tda998x.ko
  LD [M]  drivers/gpu/drm/bridge/lontium-lt8912b.ko
  LD [M]  drivers/gpu/drm/bridge/lontium-lt9611.ko
  LD [M]  drivers/gpu/drm/bridge/lontium-lt9611uxc.ko
  LD [M]  drivers/gpu/drm/bridge/sii902x.ko
  LD [M]  drivers/gpu/drm/bridge/simple-bridge.ko
  LD [M]  drivers/gpu/drm/bridge/thc63lvd1024.ko
  LD [M]  drivers/gpu/drm/bridge/adv7511/adv7511.ko
  LD [M]  drivers/gpu/drm/bridge/nwl-dsi.ko
  LD [M]  drivers/gpu/drm/gud/gud.ko
  LD [M]  drivers/gpu/drm/drm_exec.ko
  LD [M]  drivers/gpu/drm/drm_gpuvm.ko
  LD [M]  drivers/gpu/drm/drm_shmem_helper.ko
  LD [M]  drivers/gpu/drm/scheduler/gpu-sched.ko
  LD [M]  drivers/gpu/drm/udl/udl.ko
  LD [M]  drivers/gpu/drm/virtio/virtio-gpu.ko
  LD [M]  drivers/gpu/drm/msm/msm.ko
  LD [M]  drivers/base/regmap/regmap-slimbus.ko
  LD [M]  drivers/base/regmap/regmap-sdw.ko
  LD [M]  drivers/block/nbd.ko
  LD [M]  drivers/block/zram/zram.ko
  LD [M]  drivers/misc/eeprom/at24.ko
  LD [M]  drivers/misc/eeprom/at25.ko
  LD [M]  drivers/misc/eeprom/eeprom_93cx6.ko
  LD [M]  drivers/misc/qcom-coincell.ko
  LD [M]  drivers/misc/fastrpc.ko
  LD [M]  drivers/misc/uacce/uacce.ko
  LD [M]  drivers/mfd/wcd934x.ko
  LD [M]  drivers/nfc/s3fwrn5/s3fwrn5.ko
  LD [M]  drivers/nfc/s3fwrn5/s3fwrn5_i2c.ko
  LD [M]  drivers/scsi/raid_class.ko
  LD [M]  drivers/mtd/nand/raw/brcmnand/brcmnand.ko
  LD [M]  drivers/spi/spidev.ko
  LD [M]  drivers/spi/spi-dw.ko
  LD [M]  drivers/spi/spi-dw-mmio.ko
  LD [M]  drivers/net/phy/qcom/qcom-phy-lib.ko
  LD [M]  drivers/net/phy/qcom/at803x.ko
  LD [M]  drivers/net/phy/mdio-bus.ko
  LD [M]  drivers/net/phy/phylink.ko
  LD [M]  drivers/net/phy/libphy.ko
  LD [M]  drivers/net/phy/mdio_devres.ko
  LD [M]  drivers/net/phy/phy_package.ko
  LD [M]  drivers/net/phy/aquantia/aquantia.ko
  LD [M]  drivers/net/phy/ax88796b.ko
  LD [M]  drivers/net/phy/bcm54140.ko
  LD [M]  drivers/net/phy/bcm7xxx.ko
  LD [M]  drivers/net/phy/bcm-phy-lib.ko
  LD [M]  drivers/net/phy/dp83867.ko
  LD [M]  drivers/net/phy/fixed_phy.ko
  LD [M]  drivers/net/phy/marvell10g.ko
  LD [M]  drivers/net/phy/marvell.ko
  LD [M]  drivers/net/phy/micrel.ko
  LD [M]  drivers/net/phy/microchip.ko
  LD [M]  drivers/net/phy/mscc/mscc.ko
  LD [M]  drivers/net/phy/realtek/realtek.ko
  LD [M]  drivers/net/phy/rockchip.ko
  LD [M]  drivers/net/phy/smsc.ko
  LD [M]  drivers/net/phy/vitesse.ko
  LD [M]  drivers/net/mdio/fwnode_mdio.ko
  LD [M]  drivers/net/mdio/of_mdio.ko
  LD [M]  drivers/net/mdio/mdio-mux.ko
  LD [M]  drivers/net/mdio/mdio-bcm-unimac.ko
  LD [M]  drivers/net/mdio/mdio-mux-mmioreg.ko
  LD [M]  drivers/net/mdio/mdio-mux-multiplexer.ko
  LD [M]  drivers/net/dsa/b53/b53_common.ko
  LD [M]  drivers/net/dsa/bcm-sf2.ko
  LD [M]  drivers/net/ethernet/qualcomm/emac/qcom-emac.ko
  LD [M]  drivers/net/wireless/ath/ath9k/ath9k.ko
  LD [M]  drivers/net/wireless/ath/ath9k/ath9k_hw.ko
  LD [M]  drivers/net/wireless/ath/ath9k/ath9k_common.ko
  LD [M]  drivers/net/wireless/ath/ath9k/ath9k_htc.ko
  LD [M]  drivers/net/wireless/ath/carl9170/carl9170.ko
  LD [M]  drivers/net/wireless/ath/ath6kl/ath6kl_core.ko
  LD [M]  drivers/net/wireless/ath/ath6kl/ath6kl_sdio.ko
  LD [M]  drivers/net/wireless/ath/ath6kl/ath6kl_usb.ko
  LD [M]  drivers/net/wireless/ath/ar5523/ar5523.ko
  LD [M]  drivers/net/wireless/ath/ath10k/ath10k_core.ko
  LD [M]  drivers/net/wireless/ath/ath10k/ath10k_usb.ko
  KSYMS   .tmp_vmlinux1.kallsyms.S
  LD [M]  drivers/net/wireless/ath/ath10k/ath10k_snoc.ko
  LD [M]  drivers/net/wireless/ath/wcn36xx/wcn36xx.ko
  LD [M]  drivers/net/wireless/ath/ath11k/ath11k.ko
  LD [M]  drivers/net/wireless/ath/ath11k/ath11k_ahb.ko
  LD [M]  drivers/net/wireless/ath/ath.ko
  LD [M]  drivers/net/wireless/broadcom/b43/b43.ko
  LD [M]  drivers/net/wireless/broadcom/b43legacy/b43legacy.ko
  LD [M]  drivers/net/wireless/broadcom/brcm80211/brcmutil/brcmutil.ko
  LD [M]  drivers/net/wireless/broadcom/brcm80211/brcmfmac/brcmfmac.ko
  LD [M]  drivers/net/wireless/broadcom/brcm80211/brcmfmac/wcc/brcmfmac-wcc.ko
  LD [M]  drivers/net/wireless/broadcom/brcm80211/brcmfmac/cyw/brcmfmac-cyw.ko
  LD [M]  drivers/net/wireless/broadcom/brcm80211/brcmfmac/bca/brcmfmac-bca.ko
  LD [M]  drivers/net/wireless/broadcom/brcm80211/brcmsmac/brcmsmac.ko
  LD [M]  drivers/net/wireless/marvell/libertas/libertas.ko
  LD [M]  drivers/net/wireless/marvell/libertas/usb8xxx.ko
  LD [M]  drivers/net/wireless/marvell/libertas/libertas_sdio.ko
  LD [M]  drivers/net/wireless/marvell/libertas/libertas_spi.ko
  LD [M]  drivers/net/wireless/marvell/libertas_tf/libertas_tf.ko
  LD [M]  drivers/net/wireless/marvell/libertas_tf/libertas_tf_usb.ko
  LD [M]  drivers/net/wireless/marvell/mwifiex/mwifiex.ko
  LD [M]  drivers/net/wireless/marvell/mwifiex/mwifiex_sdio.ko
  LD [M]  drivers/net/wireless/marvell/mwifiex/mwifiex_usb.ko
  LD [M]  drivers/net/wireless/mediatek/mt7601u/mt7601u.ko
  LD [M]  drivers/net/wireless/mediatek/mt76/mt76.ko
  LD [M]  drivers/net/wireless/mediatek/mt76/mt76-usb.ko
  LD [M]  drivers/net/wireless/mediatek/mt76/mt76-sdio.ko
  LD [M]  drivers/net/wireless/mediatek/mt76/mt76x02-lib.ko
  LD [M]  drivers/net/wireless/mediatek/mt76/mt76x02-usb.ko
  LD [M]  drivers/net/wireless/mediatek/mt76/mt76-connac-lib.ko
  LD [M]  drivers/net/wireless/mediatek/mt76/mt792x-lib.ko
  LD [M]  drivers/net/wireless/mediatek/mt76/mt792x-usb.ko
  LD [M]  drivers/net/wireless/mediatek/mt76/mt76x0/mt76x0u.ko
  LD [M]  drivers/net/wireless/mediatek/mt76/mt76x0/mt76x0-common.ko
  LD [M]  drivers/net/wireless/mediatek/mt76/mt76x2/mt76x2-common.ko
  LD [M]  drivers/net/wireless/mediatek/mt76/mt76x2/mt76x2u.ko
  LD [M]  drivers/net/wireless/mediatek/mt76/mt7615/mt7615-common.ko
  LD [M]  drivers/net/wireless/mediatek/mt76/mt7615/mt7663-usb-sdio-common.ko
  LD [M]  drivers/net/wireless/mediatek/mt76/mt7615/mt7663u.ko
  LD [M]  drivers/net/wireless/mediatek/mt76/mt7615/mt7663s.ko
  LD [M]  drivers/net/wireless/mediatek/mt76/mt7921/mt7921-common.ko
  LD [M]  drivers/net/wireless/mediatek/mt76/mt7921/mt7921s.ko
  LD [M]  drivers/net/wireless/mediatek/mt76/mt7921/mt7921u.ko
  LD [M]  drivers/net/wireless/mediatek/mt76/mt7925/mt7925-common.ko
  LD [M]  drivers/net/wireless/mediatek/mt76/mt7925/mt7925u.ko
  LD [M]  drivers/net/wireless/microchip/wilc1000/wilc1000.ko
  LD [M]  drivers/net/wireless/microchip/wilc1000/wilc1000-sdio.ko
  LD [M]  drivers/net/wireless/purelifi/plfxlc/plfxlc.ko
  LD [M]  drivers/net/wireless/ralink/rt2x00/rt2x00lib.ko
  LD [M]  drivers/net/wireless/ralink/rt2x00/rt2x00usb.ko
  LD [M]  drivers/net/wireless/ralink/rt2x00/rt2800lib.ko
  LD [M]  drivers/net/wireless/ralink/rt2x00/rt2500usb.ko
  LD [M]  drivers/net/wireless/ralink/rt2x00/rt73usb.ko
  LD [M]  drivers/net/wireless/ralink/rt2x00/rt2800usb.ko
  LD [M]  drivers/net/wireless/realtek/rtl818x/rtl8187/rtl8187.ko
  LD [M]  drivers/net/wireless/realtek/rtlwifi/rtlwifi.ko
  LD [M]  drivers/net/wireless/realtek/rtlwifi/rtl_usb.ko
  LD [M]  drivers/net/wireless/realtek/rtlwifi/rtl8192c/rtl8192c-common.ko
  LD [M]  drivers/net/wireless/realtek/rtlwifi/rtl8192cu/rtl8192cu.ko
  LD [M]  drivers/net/wireless/realtek/rtlwifi/rtl8192d/rtl8192d-common.ko
  LD [M]  drivers/net/wireless/realtek/rtlwifi/rtl8192du/rtl8192du.ko
  LD [M]  drivers/net/wireless/realtek/rtl8xxxu/rtl8xxxu.ko
  LD [M]  drivers/net/wireless/realtek/rtw88/rtw88_core.ko
  LD [M]  drivers/net/wireless/realtek/rtw88/rtw88_8822b.ko
  LD [M]  drivers/net/wireless/realtek/rtw88/rtw88_8822bs.ko
  LD [M]  drivers/net/wireless/realtek/rtw88/rtw88_8822bu.ko
  LD [M]  drivers/net/wireless/realtek/rtw88/rtw88_8822c.ko
  LD [M]  drivers/net/wireless/realtek/rtw88/rtw88_8822cs.ko
  LD [M]  drivers/net/wireless/realtek/rtw88/rtw88_8822cu.ko
  LD [M]  drivers/net/wireless/realtek/rtw88/rtw88_8723x.ko
  LD [M]  drivers/net/wireless/realtek/rtw88/rtw88_8723d.ko
  LD [M]  drivers/net/wireless/realtek/rtw88/rtw88_8723du.ko
  LD [M]  drivers/net/wireless/realtek/rtw88/rtw88_8821c.ko
  LD [M]  drivers/net/wireless/realtek/rtw88/rtw88_8821cs.ko
  LD [M]  drivers/net/wireless/realtek/rtw88/rtw88_8821cu.ko
  LD [M]  drivers/net/wireless/realtek/rtw88/rtw88_sdio.ko
  LD [M]  drivers/net/wireless/realtek/rtw88/rtw88_usb.ko
  LD [M]  drivers/net/wireless/silabs/wfx/wfx.ko
  LD [M]  drivers/net/wireless/st/cw1200/cw1200_core.ko
  LD [M]  drivers/net/wireless/st/cw1200/cw1200_wlan_sdio.ko
  LD [M]  drivers/net/wireless/ti/wlcore/wlcore.ko
  LD [M]  drivers/net/wireless/ti/wlcore/wlcore_sdio.ko
  LD [M]  drivers/net/wireless/ti/wl12xx/wl12xx.ko
  LD [M]  drivers/net/wireless/ti/wl1251/wl1251.ko
  LD [M]  drivers/net/wireless/ti/wl1251/wl1251_sdio.ko
  LD [M]  drivers/net/wireless/ti/wl18xx/wl18xx.ko
  LD [M]  drivers/net/usb/pegasus.ko
  LD [M]  drivers/net/usb/rtl8150.ko
  LD [M]  drivers/net/usb/r8152.ko
  LD [M]  drivers/net/usb/lan78xx.ko
  LD [M]  drivers/net/usb/asix.ko
  LD [M]  drivers/net/usb/ax88179_178a.ko
  LD [M]  drivers/net/usb/cdc_ether.ko
  LD [M]  drivers/net/usb/dm9601.ko
  LD [M]  drivers/net/usb/sr9800.ko
  LD [M]  drivers/net/usb/smsc75xx.ko
  LD [M]  drivers/net/usb/smsc95xx.ko
  LD [M]  drivers/net/usb/net1080.ko
  LD [M]  drivers/net/usb/plusb.ko
  LD [M]  drivers/net/usb/rndis_host.ko
  LD [M]  drivers/net/usb/cdc_subset.ko
  LD [M]  drivers/net/usb/zaurus.ko
  LD [M]  drivers/net/usb/mcs7830.ko
  LD [M]  drivers/net/usb/usbnet.ko
  LD [M]  drivers/net/usb/cdc_ncm.ko
  LD [M]  drivers/net/usb/r8153_ecm.ko
  LD [M]  drivers/net/ipvlan/ipvlan.ko
  LD [M]  drivers/net/dummy.ko
  LD [M]  drivers/net/wireguard/wireguard.ko
  LD [M]  drivers/net/macvlan.ko
  LD [M]  drivers/net/macvtap.ko
  LD [M]  drivers/net/mii.ko
  LD [M]  drivers/net/tun.ko
  LD [M]  drivers/net/tap.ko
  LD [M]  drivers/net/veth.ko
  LD [M]  drivers/net/vxlan/vxlan.ko
  LD [M]  drivers/net/can/dev/can-dev.ko
  LD [M]  drivers/net/can/spi/mcp251xfd/mcp251xfd.ko
  LD [M]  drivers/net/can/flexcan/flexcan.ko
  LD [M]  drivers/usb/storage/ums-realtek.ko
  LD [M]  drivers/usb/gadget/legacy/g_ether.ko
  LD [M]  drivers/usb/typec/tcpm/tcpm.ko
  LD [M]  drivers/usb/typec/tcpm/fusb302.ko
  LD [M]  drivers/usb/typec/tcpm/tcpci.ko
  LD [M]  drivers/usb/typec/tipd/tps6598x.ko
  LD [M]  drivers/usb/typec/hd3ss3220.ko
  LD [M]  drivers/usb/cdns3/cdns-usb-common.ko
  LD [M]  drivers/usb/cdns3/cdns3.ko
  LD [M]  drivers/usb/class/cdc-acm.ko
  LD [M]  drivers/usb/serial/usbserial.ko
  LD [M]  drivers/usb/serial/ch341.ko
  LD [M]  drivers/usb/serial/cp210x.ko
  LD [M]  drivers/usb/serial/ftdi_sio.ko
  LD [M]  drivers/usb/serial/option.ko
  LD [M]  drivers/usb/serial/pl2303.ko
  LD [M]  drivers/usb/serial/usb_wwan.ko
  LD [M]  drivers/input/keyboard/adc-keys.ko
  LD [M]  drivers/input/mouse/elan_i2c.ko
  LD [M]  drivers/input/touchscreen/atmel_mxt_ts.ko
  LD [M]  drivers/input/touchscreen/elants_i2c.ko
  LD [M]  drivers/input/touchscreen/goodix_ts.ko
  LD [M]  drivers/power/supply/max17042_battery.ko
  LD [M]  drivers/power/supply/bq25890_charger.ko
  LD [M]  drivers/perf/arm-cmn.ko
  LD [M]  drivers/perf/arm_dsu_pmu.ko
  LD [M]  drivers/bluetooth/hci_uart.ko
  LD [M]  drivers/hwtracing/coresight/coresight-tmc.ko
  LD [M]  drivers/hwtracing/coresight/coresight-tpiu.ko
  LD [M]  drivers/hwtracing/coresight/coresight-funnel.ko
  LD [M]  drivers/hwtracing/coresight/coresight-replicator.ko
  LD [M]  drivers/hwtracing/coresight/coresight-stm.ko
  LD [M]  drivers/hwtracing/coresight/coresight-cpu-debug.ko
  LD [M]  drivers/hwtracing/coresight/coresight-catu.ko
  LD [M]  sound/soc/codecs/snd-soc-adau7002.ko
  LD [M]  sound/soc/codecs/snd-soc-cros-ec-codec.ko
  LD [M]  sound/soc/codecs/snd-soc-max98357a.ko
  LD [M]  sound/soc/codecs/snd-soc-max98927.ko
  LD [M]  sound/soc/codecs/snd-soc-rt5659.ko
  LD [M]  sound/soc/codecs/snd-soc-wm8960.ko
  LD [M]  drivers/net/mdio/acpi_mdio.ko
  AS      .tmp_vmlinux1.kallsyms.o
  LD      .tmp_vmlinux2
  NM      .tmp_vmlinux2.syms
  KSYMS   .tmp_vmlinux2.kallsyms.S
  AS      .tmp_vmlinux2.kallsyms.o
  LD      vmlinux.unstripped
  NM      System.map
  SORTTAB vmlinux.unstripped
  OBJCOPY vmlinux
  GEN     modules.builtin.modinfo
  GEN     modules.builtin
  OBJCOPY arch/arm64/boot/Image
make: Leaving directory '/tmp/tcl-acpi2-linux'
